ByteRange0,ByteRange1,ByteRange2,ByteRange3,ByteRange4,ByteRange5,ByteRange6,ByteRange7,ByteRange8,ByteRange9,ByteRange10,ByteRange11,ByteRange12,ByteRange13,ByteRange14,ByteRange15,ByteRange16,ByteRange17,ByteRange18,ByteRange19,AggregateByteValue,LabelName
108,97,110,103,117,97,103,101,99,111,100,101,110,101,101,100,101,100,108,97,0.00043541777777777774,availability_error
109,97,120,105,109,117,109,112,101,111,112,108,101,97,108,108,111,119,101,100,0.0028313041000000002,availability_error
112,97,103,101,110,101,101,100,101,100,108,97,110,103,117,97,103,101,116,114,0.0051825601,availability_error
118,97,108,105,100,108,97,110,103,117,97,103,101,99,111,100,101,110,101,101,0.010242114677777778,availability_error
97,99,116,105,118,105,116,121,112,117,114,99,104,97,115,101,114,101,113,117,0.010885444444444444,availability_error
105,110,118,101,110,116,111,114,105,101,115,117,110,115,117,99,99,101,115,115,0.011773696711111108,availability_error
99,97,99,104,101,100,97,118,97,105,108,97,98,105,108,105,116,121,102,111,0.01868051121111111,availability_error
98,111,111,107,100,97,121,115,97,100,118,97,110,99,101,0,0,0,0,0,0.021949410177777778,availability_error
99,104,111,111,115,101,97,110,111,116,104,101,114,104,111,116,101,108,116,114,0.02416677521111111,availability_error
99,105,116,121,100,101,116,101,114,109,105,110,101,100,108,111,99,97,116,105,0.04224532134444445,availability_error
100,97,116,97,118,97,108,105,100,97,116,105,111,110,0,0,0,0,0,0,0.04224532134444445,availability_error
100,97,116,97,114,101,113,117,101,115,116,118,97,108,105,100,97,116,101,100,0.09537391004444445,availability_error
104,111,116,101,108,114,101,99,111,103,110,105,122,101,100,0,0,0,0,0,0.09731696187777777,availability_error
104,111,116,101,108,111,118,101,114,118,105,101,119,105,110,102,111,114,109,97,0.10528510721111109,availability_error
104,111,116,101,108,102,111,117,110,100,0,0,0,0,0,0,0,0,0,0,0.10664361067777776,availability_error
104,111,116,101,108,114,111,111,109,116,121,112,101,102,111,117,110,100,104,111,0.3814956401777778,availability_error
105,110,99,111,114,114,101,99,116,120,109,108,102,111,114,109,97,116,112,108,0.437546970711111,availability_error
105,110,99,111,114,114,101,99,116,102,111,114,109,97,116,98,101,100,116,121,0.45567450134444437,availability_error
105,110,99,111,114,114,101,99,116,118,97,108,117,101,115,116,97,114,114,97,0.4670127802777778,availability_error
105,110,118,97,108,105,100,101,120,112,105,114,101,100,99,111,100,101,0,0,0.47416995999999983,availability_error
105,110,118,101,110,116,111,114,121,115,111,117,114,99,101,105,110,102,111,114,0.4828304195999999,availability_error
109,105,110,105,109,117,109,110,117,109,98,101,114,110,105,103,104,116,115,114,0.4944996160444444,availability_error
109,117,115,116,115,117,112,112,108,121,99,104,105,108,100,114,101,110,97,103,0.5033429511111112,availability_error
110,111,114,101,115,117,108,116,115,102,111,117,110,100,0,0,0,0,0,0,0.5033429511111112,availability_error
118,97,99,97,110,99,121,112,108,101,97,115,101,116,114,121,100,105,102,102,0.5487352544444443,availability_error
102,111,117,110,100,100,97,116,97,98,97,115,101,0,0,0,0,0,0,0,0.5549356035999999,availability_error
112,114,105,99,101,109,105,115,109,97,116,99,104,0,0,0,0,0,0,0,0.5549356035999999,availability_error
112,108,101,97,115,101,101,110,116,101,114,99,105,116,121,97,110,100,111,114,0.5993133835111112,availability_error
112,108,101,97,115,101,101,110,116,101,114,118,97,108,105,100,99,111,117,110,0.6204975469444446,availability_error
112,108,101,97,115,101,101,110,116,101,114,118,97,108,105,100,104,111,116,101,0.6337168306777778,availability_error
112,108,101,97,115,101,101,110,116,101,114,118,97,108,105,100,115,116,97,116,0.6554953393777778,availability_error
112,108,101,97,115,101,110,97,114,114,111,119,115,101,97,114,99,104,101,110,0.7001561408444443,availability_error
112,108,101,97,115,101,110,97,114,114,111,119,115,101,97,114,99,104,101,110,0.8107141573444445,availability_error
112,108,101,97,115,101,110,97,114,114,111,119,115,101,97,114,99,104,115,112,0.8410540680999999,availability_error
112,108,101,97,115,101,110,97,114,114,111,119,115,101,97,114,99,104,101,110,0.8876089368999999,availability_error
112,108,101,97,115,101,112,114,111,118,105,100,101,99,104,101,99,107,105,110,0.9495982773777777,availability_error
112,108,101,97,115,101,112,114,111,118,105,100,101,108,97,116,105,116,117,100,0.9927797469444446,availability_error
112,108,101,97,115,101,112,114,111,118,105,100,101,108,111,110,103,105,116,117,1.036921312711111,availability_error
112,108,101,97,115,101,112,114,111,118,105,100,101,100,101,99,105,109,97,108,1.0929029764,availability_error
112,108,101,97,115,101,112,114,111,118,105,100,101,111,110,101,118,97,108,105,1.161573802677778,availability_error
112,108,101,97,115,101,116,114,121,100,105,102,102,101,114,101,110,116,100,97,1.2001202499999999,availability_error
112,114,105,99,105,110,103,101,114,114,111,114,114,101,116,114,105,101,118,101,1.3147450685444444,availability_error
112,114,111,98,108,101,109,103,101,116,116,105,110,103,100,101,116,97,105,108,1.5105557088444443,availability_error
112,114,111,112,101,114,116,121,108,111,110,103,101,114,97,118,97,105,108,97,1.5337253773444444,availability_error
112,114,111,112,101,114,116,121,108,111,111,107,117,112,102,97,105,108,101,100,1.6522188828444444,availability_error
114,101,102,101,114,109,117,108,116,105,112,108,101,108,111,99,97,116,105,111,1.800230448044444,availability_error
115,112,101,99,105,102,105,101,100,97,114,114,105,118,97,108,100,97,116,101,1.8566605920444443,availability_error
115,112,101,99,105,102,105,101,100,99,105,116,121,114,101,115,111,108,118,101,1.9168494800111113,availability_error
115,117,112,112,108,105,101,114,114,101,116,117,114,110,116,101,120,116,110,117,1.9545904044444442,availability_error
115,117,112,112,108,105,101,114,114,101,99,111,103,110,105,122,101,100,0,0,1.9633520986777777,availability_error
103,117,101,115,116,115,116,97,103,108,97,114,103,101,115,109,97,108,108,98,2.2384348996,availability_error
104,111,116,101,108,105,100,101,110,116,105,102,105,101,114,117,115,101,100,97,2.4134347472111104,availability_error
97,109,101,110,105,116,121,99,111,100,101,105,110,118,97,108,105,100,0,0,2.4361798833777777,availability_error
99,104,97,105,110,99,111,100,101,105,110,118,97,108,105,100,0,0,0,0,2.4590316968999995,availability_error
99,108,105,101,110,116,114,101,113,117,101,115,116,108,97,99,107,101,100,108,2.5883017924,availability_error
99,108,105,101,110,116,114,101,113,117,101,115,116,115,98,97,100,101,110,100,2.6797362601000008,availability_error
99,108,105,101,110,116,114,101,113,117,101,115,116,115,98,97,100,115,116,97,2.8111105120111106,availability_error
104,111,116,101,108,115,101,108,101,99,116,101,100,108,111,110,103,101,114,97,2.967155535211111,availability_error
108,111,99,97,108,101,118,97,108,105,100,0,0,0,0,0,0,0,0,0,2.9851546175999997,availability_error
108,111,99,97,116,105,111,110,115,111,108,118,101,100,109,97,114,107,101,116,3.2918901138777774,availability_error
110,117,109,98,101,114,104,111,116,101,108,103,117,101,115,116,115,101,120,99,3.5151375168999994,availability_error
110,117,109,98,101,114,114,111,111,109,115,114,101,113,117,101,115,116,103,114,3.5859103224999993,availability_error
114,97,116,105,110,103,99,111,100,101,105,110,118,97,108,105,100,0,0,0,3.613623575511111,availability_error
114,111,111,109,116,121,112,101,114,97,116,101,115,101,108,101,99,116,101,100,3.9462087367111103,availability_error
115,101,115,115,105,111,110,101,120,112,105,114,101,100,0,0,0,0,0,0,3.9628068624,availability_error
104,111,116,101,108,115,111,108,117,116,105,111,110,115,102,111,117,110,100,99,4.0757553225,availability_error
101,114,114,111,114,120,109,108,114,101,113,117,101,115,116,115,116,114,117,99,4.8325375453444455,availability_error
109,117,115,116,108,101,97,115,116,111,110,101,97,100,117,108,116,101,118,101,5.09754042471111,availability_error
111,114,100,101,114,98,121,116,121,112,101,113,117,101,114,121,118,97,108,105,5.196956100277777,availability_error
112,114,111,100,117,99,116,99,117,114,114,101,110,116,108,121,97,118,97,105,5.350292824900001,availability_error
114,101,115,101,114,118,97,116,105,111,110,99,97,110,112,114,111,99,101,115,5.668621319511111,availability_error
115,111,114,116,98,121,116,121,112,101,113,117,101,114,121,118,97,108,105,100,5.773431821344444,availability_error
97,99,99,101,112,116,114,101,115,101,114,118,97,116,105,111,110,108,111,110,5.879202419377778,availability_error
99,108,105,101,110,116,114,101,113,117,101,115,116,105,110,99,108,117,100,101,5.98593311361111,availability_error
120,109,108,119,101,108,108,102,111,114,109,101,100,0,0,0,0,0,0,0,6.021723366399998,availability_error
99,97,110,98,111,111,107,114,111,111,109,115,116,105,109,101,0,0,0,0,6.1245690455111115,availability_error
101,120,99,101,101,100,101,100,109,97,120,105,109,117,109,110,117,109,98,101,6.2857008368999985,availability_error
99,111,109,116,114,97,118,101,108,110,111,119,115,117,112,112,108,105,101,114,6.879814243599999,availability_error
99,111,109,116,114,97,118,101,108,110,111,119,115,117,112,112,108,105,101,114,7.18972720111111,availability_error
100,97,121,115,97,100,118,97,110,99,101,109,97,120,105,109,117,109,99,97,7.2964274161,availability_error
101,114,114,111,114,115,115,117,112,112,108,105,101,114,104,111,116,101,108,110,7.318990765344446,availability_error
109,121,115,116,105,113,117,101,114,97,116,101,98,114,101,97,107,100,111,119,7.318990765344446,availability_error
109,121,115,116,105,113,117,101,114,97,116,101,118,97,108,105,100,97,116,105,7.318990765344446,availability_error
115,112,101,99,105,102,105,101,100,97,114,114,105,118,97,108,100,97,116,101,7.6039717009,availability_error
116,105,109,101,115,116,97,114,116,116,105,109,101,101,110,100,118,97,108,105,7.800867620011112,availability_error
97,103,101,110,116,97,116,116,101,110,116,105,111,110,114,101,115,101,114,118,8.130653044899999,booking_error
97,108,114,101,97,100,121,98,111,111,107,101,100,0,0,0,0,0,0,0,8.130653044899999,booking_error
97,100,100,105,116,105,111,110,97,108,97,103,101,110,116,97,116,116,101,110,8.21416617467778,booking_error
97,103,101,110,116,119,97,105,116,105,110,103,115,117,112,112,108,105,101,114,8.304118044844444,booking_error
97,108,116,101,114,110,97,116,101,112,104,111,110,101,109,117,115,116,110,117,8.47333881,booking_error
100,97,116,97,114,101,113,117,101,115,116,118,97,108,105,100,97,116,101,100,9.492335061344443,booking_error
100,97,116,97,114,101,113,117,101,115,116,118,97,108,105,100,97,116,101,100,9.980628885511111,booking_error
100,97,116,97,114,101,113,117,101,115,116,118,97,108,105,100,97,116,101,100,10.548832757344444,booking_error
100,97,116,97,114,101,113,117,101,115,116,118,97,108,105,100,97,116,101,100,11.06325164817778,booking_error
100,97,116,101,102,111,114,109,97,116,101,120,105,115,116,0,0,0,0,0,11.097981658677778,booking_error
100,117,112,108,105,99,97,116,101,114,101,115,101,114,118,97,116,105,111,110,11.118845790044443,booking_error
101,114,114,111,114,117,110,109,97,114,115,104,97,108,105,110,103,114,101,113,14.335739545877777,booking_error
102,97,105,108,117,114,101,118,97,108,105,100,97,116,101,98,111,111,107,105,14.359451309511112,booking_error
102,105,110,97,108,114,101,115,101,114,118,97,116,105,111,110,112,114,105,99,14.541892446944445,booking_error
102,105,110,97,108,114,101,115,101,114,118,97,116,105,111,110,112,114,105,99,15.63596125444444,booking_error
104,111,109,101,112,104,111,110,101,109,117,115,116,110,117,109,101,114,105,99,15.867847346177777,booking_error
104,111,116,101,108,98,111,111,107,105,110,103,101,114,114,111,114,98,111,111,16.6332649921,booking_error
104,111,116,101,108,98,111,111,107,105,110,103,101,114,114,111,114,98,111,111,16.718476251211108,booking_error
104,111,116,101,108,98,111,111,107,105,110,103,101,114,114,111,114,114,97,116,16.81246009,booking_error
104,111,116,101,108,98,111,111,107,105,110,103,101,114,114,111,114,100,111,117,16.898128537777776,booking_error
104,111,116,101,108,98,111,111,107,105,110,103,101,114,114,111,114,116,114,121,16.94963410671111,booking_error
104,111,116,101,108,98,111,111,107,105,110,118,97,108,105,100,105,110,105,116,17.626338646044438,booking_error
104,111,116,101,108,114,111,111,109,117,110,97,118,97,105,108,97,98,108,101,18.00505740934444,booking_error
105,116,105,110,101,114,97,114,121,97,108,114,101,97,100,121,98,111,111,107,18.00505740934444,booking_error
105,110,102,111,114,109,97,116,105,111,110,114,101,113,117,105,114,101,100,112,18.513284659377774,booking_error
105,110,118,97,108,105,100,99,111,117,110,116,114,121,99,111,100,101,0,0,18.5222640625,booking_error
105,110,118,97,108,105,100,110,117,109,98,101,114,97,114,103,117,109,101,110,18.558203445877776,booking_error
105,110,118,97,108,105,100,114,111,111,109,103,117,101,115,116,99,111,117,110,18.901364904899992,booking_error
108,97,115,116,110,97,109,101,109,117,115,116,108,101,97,115,116,116,119,111,19.275143853511103,booking_error
109,105,115,115,105,110,103,99,111,110,102,105,114,109,97,116,105,111,110,110,19.302637220544444,booking_error
109,105,115,115,105,110,103,105,110,118,101,110,116,111,114,121,115,111,117,114,19.35768273601111,booking_error
109,105,115,115,105,110,103,114,111,111,109,116,121,112,101,114,97,116,101,112,19.523289533611106,booking_error
109,117,108,116,105,112,108,101,98,111,111,107,105,110,103,112,114,111,103,114,19.6433331264,booking_error
97,118,97,105,108,97,98,105,108,116,121,102,111,117,110,100,114,101,115,101,24.840289226677783,booking_error
111,110,101,114,111,111,109,116,105,109,101,109,97,121,114,101,115,101,114,118,25.069615061877776,booking_error
112,108,101,97,115,101,114,101,115,117,98,109,105,116,98,111,111,107,105,110,25.153267525344447,booking_error
112,111,115,116,97,108,99,111,100,101,99,111,110,116,97,105,110,115,105,110,25.331491641599996,booking_error
112,114,105,99,101,99,104,97,110,103,101,104,97,112,112,101,110,101,100,103,30.186160384044435,booking_error
112,114,105,99,101,99,104,97,110,103,101,100,0,0,0,0,0,0,0,0,30.209093838399994,booking_error
112,114,111,112,101,114,116,121,97,118,97,105,108,97,98,108,101,98,111,111,30.335383499211108,booking_error
114,97,116,101,97,118,97,105,108,97,98,108,101,0,0,0,0,0,0,0,30.35837355787777,booking_error
114,101,115,101,114,118,97,116,105,111,110,114,101,113,117,101,115,116,100,117,30.80842028444444,booking_error
114,101,115,101,114,118,97,116,105,111,110,114,101,113,117,105,114,101,115,97,30.889548413344436,booking_error
114,101,115,101,114,118,97,116,105,111,110,108,111,99,107,101,100,0,0,0,30.91274747254445,booking_error
114,111,111,109,99,111,100,101,105,110,118,97,108,105,100,0,0,0,0,0,30.947562389511113,booking_error
115,111,108,100,111,117,116,114,111,111,109,116,114,121,105,110,103,98,111,111,34.78597148134444,booking_error
115,111,114,114,121,97,118,97,105,108,97,98,105,108,105,116,121,102,111,117,35.97748352187777,booking_error
115,117,112,112,108,105,101,114,114,101,97,100,121,0,0,0,0,0,0,0,36.0025200441,booking_error
99,111,114,112,111,114,97,116,101,110,117,109,98,101,114,115,117,112,112,108,36.8336106649,booking_error
99,111,114,112,111,114,97,116,101,101,110,116,101,114,101,100,99,111,110,116,37.34191737867778,booking_error
102,114,101,113,117,101,110,116,103,117,101,115,116,101,110,116,101,114,101,100,37.95648344694443,booking_error
102,114,101,113,117,101,110,116,103,117,101,115,116,110,117,109,98,101,114,115,38.8357051489,booking_error
98,111,111,107,105,110,103,99,111,110,102,105,114,109,101,100,114,101,102,101,39.21372942084444,booking_error
104,111,116,101,108,117,110,97,98,108,101,112,114,111,118,105,100,101,105,116,40.99759795734444,booking_error
109,97,120,105,109,117,109,110,117,109,98,101,114,112,101,114,115,111,110,115,42.54848532639999,booking_error
109,117,108,116,105,114,111,111,109,98,111,111,107,105,110,103,109,117,115,116,44.128164696011105,booking_error
110,117,109,98,101,114,114,111,111,109,115,114,101,113,117,101,115,116,101,100,45.34235656004445,booking_error
114,101,113,117,101,115,116,101,100,110,117,109,98,101,114,110,105,103,104,116,46.35966665604445,booking_error
114,111,111,109,114,97,116,101,99,104,97,110,103,101,100,0,0,0,0,0,46.459173769344446,booking_error
114,111,111,109,116,121,112,101,114,97,116,101,115,101,108,101,99,116,101,100,47.431365875211114,booking_error
115,101,108,101,99,116,101,100,114,111,111,109,115,111,108,100,0,0,0,0,47.53201596017779,booking_error
112,114,111,98,108,101,109,98,111,111,107,105,110,103,99,111,109,109,117,110,54.688194221511104,booking_error
112,114,111,98,108,101,109,104,111,116,101,108,114,111,111,109,114,101,115,101,56.4771789169,booking_error
112,114,111,100,117,99,116,99,117,114,114,101,110,116,108,121,97,118,97,105,58.630006327211106,booking_error
112,114,111,100,117,99,116,99,117,114,114,101,110,116,108,121,97,118,97,105,61.0348437504,booking_error
112,114,111,100,117,99,116,99,117,114,114,101,110,116,108,121,97,118,97,105,62.87432711111111,booking_error
112,114,111,100,117,99,116,99,117,114,114,101,110,116,108,121,97,118,97,105,74.64689282454444,booking_error
114,101,115,101,114,118,97,116,105,111,110,99,97,110,99,111,109,112,108,101,75.58731684934445,booking_error
114,101,115,101,114,118,97,116,105,111,110,99,97,110,99,111,109,112,108,101,76.3147257889,booking_error
114,101,115,101,114,118,97,116,105,111,110,99,97,110,112,114,111,99,101,115,77.5041946315111,booking_error
114,101,115,101,114,118,97,116,105,111,110,99,97,110,112,114,111,99,101,115,79.70567235867777,booking_error
116,105,109,101,111,117,116,101,120,99,101,112,116,105,111,110,111,99,99,117,83.1322709361,booking_error
116,114,97,118,101,108,110,111,119,99,111,109,115,101,114,118,105,99,101,114,83.85681482667776,booking_error
116,114,97,118,101,108,110,111,119,99,111,109,117,110,97,98,108,101,97,112,84.68048483999999,booking_error
116,114,121,112,114,111,99,101,115,115,114,101,115,101,114,118,97,116,105,111,85.00723213734443,booking_error
117,110,97,98,108,101,97,100,100,116,114,97,118,101,108,101,114,0,0,0,85.1034540235111,booking_error
99,111,110,102,105,114,109,97,116,105,111,110,110,117,109,98,101,114,99,117,86.72811966937775,booking_error
101,114,114,111,114,98,111,111,107,104,111,108,100,101,114,114,111,114,101,120,87.27308856004444,booking_error
101,114,114,111,114,117,110,107,110,111,119,110,99,114,101,97,116,101,111,114,96.49100156694445,booking_error
101,114,114,111,114,98,111,111,107,105,110,103,114,117,108,101,99,104,97,110,96.86030550934443,booking_error
101,114,114,111,114,99,111,117,112,111,110,101,114,114,111,114,99,117,114,114,97.78665138884445,booking_error
101,114,114,111,114,112,114,105,99,101,109,105,115,109,97,116,99,104,105,110,98.3859658609,booking_error
101,114,114,111,114,117,110,107,110,111,119,110,105,110,116,101,114,110,97,108,99.6317396649,booking_error
109,121,115,116,105,113,117,101,98,111,111,107,105,110,103,0,0,0,0,0,99.6317396649,booking_error
