ByteRange0,ByteRange1,ByteRange2,ByteRange3,ByteRange4,ByteRange5,ByteRange6,ByteRange7,ByteRange8,ByteRange9,ByteRange10,ByteRange11,ByteRange12,ByteRange13,ByteRange14,ByteRange15,ByteRange16,ByteRange17,ByteRange18,ByteRange19,ByteRange20,ByteRange21,ByteRange22,ByteRange23,ByteRange24,ByteRange25,ByteRange26,ByteRange27,ByteRange28,ByteRange29,ByteRange30,ByteRange31,ByteRange32,ByteRange33,ByteRange34,ByteRange35,ByteRange36,ByteRange37,ByteRange38,ByteRange39,ByteRange40,ByteRange41,ByteRange42,ByteRange43,ByteRange44,ByteRange45,ByteRange46,ByteRange47,ByteRange48,ByteRange49,AggregateByteValue,Label
114,100,112,97,114,116,121,101,114,114,111,114,115,101,114,118,101,114,114,101,115,112,111,110,100,101,100,101,114,114,111,114,109,101,115,115,97,103,101,0,0,0,0,0,0,0,0,0,0,0,0.0007647058823529412,13184
97,117,116,104,101,110,116,105,99,97,116,105,111,110,114,101,99,111,118,101,114,97,98,108,101,116,114,97,118,101,108,110,111,119,99,111,109,115,101,114,118,105,99,101,114,101,113,117,101,115,0.0007249434815373022,13184
97,99,99,101,115,115,100,101,110,105,101,100,0,0,0,0,0,0,0,0,0,0,0,0,0,0,0,0,0,0,0,0,0,0,0,0,0,0,0,0,0,0,0,0,0,0,0,0,0,0,0.0006718114793633294,13184
98,117,110,100,108,101,102,111,117,110,100,0,0,0,0,0,0,0,0,0,0,0,0,0,0,0,0,0,0,0,0,0,0,0,0,0,0,0,0,0,0,0,0,0,0,0,0,0,0,0,0.0006381079875055778,13184
99,111,110,110,101,99,116,109,116,115,100,114,105,118,101,114,0,0,0,0,0,0,0,0,0,0,0,0,0,0,0,0,0,0,0,0,0,0,0,0,0,0,0,0,0,0,0,0,0,0,0.0006341463414634147,13184
99,111,110,110,101,99,116,105,118,105,116,121,99,111,109,109,117,110,105,99,97,116,105,111,110,112,114,111,98,108,101,109,116,114,121,114,101,113,117,101,115,116,99,111,110,116,97,99,116,117,0.0006727549467275495,13184
100,105,114,101,99,116,99,111,110,110,101,99,116,101,114,114,111,114,114,99,102,101,116,110,111,116,112,114,111,99,101,115,115,101,100,98,117,115,105,110,101,115,115,108,111,103,105,99,101,114,0.0006554410006140719,13184
101,120,99,101,112,116,105,111,110,0,0,0,0,0,0,0,0,0,0,0,0,0,0,0,0,0,0,0,0,0,0,0,0,0,0,0,0,0,0,0,0,0,0,0,0,0,0,0,0,0,0.0006354179721769646,13184
101,120,99,101,112,116,105,111,110,106,97,118,97,108,97,110,103,99,108,97,115,115,100,101,102,102,111,117,110,100,101,114,114,111,114,105,110,105,116,105,97,108,105,122,101,99,108,97,115,115,0.0009058250554537564,13184
102,97,105,108,101,100,108,97,112,115,97,110,103,115,101,114,118,105,99,101,105,110,118,111,99,97,116,105,111,110,114,101,113,117,101,115,116,117,114,108,104,116,116,112,109,101,109,98,101,114,0.000839142783372063,13184
104,114,110,113,117,111,116,101,107,101,121,102,97,105,108,117,114,101,0,0,0,0,0,0,0,0,0,0,0,0,0,0,0,0,0,0,0,0,0,0,0,0,0,0,0,0,0,0,0,0,0.0008148967551622419,13184
105,110,116,101,114,110,97,108,101,114,114,111,114,117,110,97,98,108,101,109,101,114,103,101,97,114,114,97,121,120,109,108,116,101,109,112,108,97,116,101,101,114,114,111,114,116,104,114,111,119,0.0008401734340487034,13184
105,110,116,101,114,110,97,108,97,112,112,108,105,99,97,116,105,111,110,101,114,114,111,114,0,0,0,0,0,0,0,0,0,0,0,0,0,0,0,0,0,0,0,0,0,0,0,0,0,0,0.000816684007427992,13184
105,110,116,101,114,110,97,108,115,101,114,118,101,114,101,114,114,111,114,115,101,114,118,101,114,101,114,114,111,114,105,110,116,101,114,110,97,108,115,101,114,118,101,114,101,114,114,111,114,0,0.0007962903741605374,13184
114,101,115,112,111,110,115,101,0,0,0,0,0,0,0,0,0,0,0,0,0,0,0,0,0,0,0,0,0,0,0,0,0,0,0,0,0,0,0,0,0,0,0,0,0,0,0,0,0,0,0.0007893552037575596,13184
112,114,111,99,101,115,115,102,97,105,108,0,0,0,0,0,0,0,0,0,0,0,0,0,0,0,0,0,0,0,0,0,0,0,0,0,0,0,0,0,0,0,0,0,0,0,0,0,0,0,0.0007781909788867563,13184
112,108,101,97,115,101,101,110,116,101,114,99,111,114,114,101,99,116,97,99,99,101,115,115,99,111,100,101,0,0,0,0,0,0,0,0,0,0,0,0,0,0,0,0,0,0,0,0,0,0,0.000771021812410949,13184
113,117,101,114,121,99,114,101,97,116,101,100,108,111,99,97,116,101,100,115,101,115,115,105,111,110,0,0,0,0,0,0,0,0,0,0,0,0,0,0,0,0,0,0,0,0,0,0,0,0,0.0007730715287517532,13184
114,111,108,108,98,97,99,107,111,110,116,105,109,101,111,117,116,0,0,0,0,0,0,0,0,0,0,0,0,0,0,0,0,0,0,0,0,0,0,0,0,0,0,0,0,0,0,0,0,0,0.0007574508316568276,13184
114,101,116,117,114,110,116,104,114,101,115,104,111,108,100,101,120,99,101,101,100,101,100,0,0,0,0,0,0,0,0,0,0,0,0,0,0,0,0,0,0,0,0,0,0,0,0,0,0,0,0.0007416168081257827,13184
115,121,115,111,102,102,108,105,110,101,0,0,0,0,0,0,0,0,0,0,0,0,0,0,0,0,0,0,0,0,0,0,0,0,0,0,0,0,0,0,0,0,0,0,0,0,0,0,0,0,0.0007330646099808508,13184
115,111,114,114,121,99,111,110,110,101,99,116,105,118,105,116,121,99,111,109,109,117,110,105,99,97,116,105,111,110,112,114,111,98,108,101,109,116,114,121,114,101,113,117,101,115,116,99,111,110,0.000741263187173425,13184
115,117,112,112,108,105,101,114,99,111,109,109,117,110,105,99,97,116,105,111,110,112,114,111,98,108,101,109,0,0,0,0,0,0,0,0,0,0,0,0,0,0,0,0,0,0,0,0,0,0,0.0007233295725209979,13184
114,101,113,117,101,115,116,99,97,110,112,114,111,99,101,115,115,101,100,116,114,121,0,0,0,0,0,0,0,0,0,0,0,0,0,0,0,0,0,0,0,0,0,0,0,0,0,0,0,0,0.0007241077066623941,13184
114,101,113,117,101,115,116,99,97,110,112,114,111,99,101,115,115,101,100,118,101,114,105,102,121,105,110,102,111,114,109,97,116,105,111,110,99,111,114,114,101,99,116,116,114,121,0,0,0,0,0.0007464674646746467,13184
116,114,97,118,101,108,110,111,119,99,111,109,115,101,114,118,105,99,101,114,101,113,117,101,115,116,97,117,116,104,101,110,116,105,99,97,116,105,111,110,102,97,105,108,117,114,101,99,105,100,0.0007415037798814957,13184
116,114,97,118,101,108,110,111,119,99,111,109,117,110,97,98,108,101,97,112,112,114,111,112,114,105,97,116,101,108,121,99,114,101,97,116,101,98,97,99,107,101,110,100,105,110,102,111,114,109,0.00074152,13184
117,110,97,117,116,104,111,114,105,122,101,100,114,101,113,117,101,115,116,115,99,108,105,101,110,116,109,97,100,101,114,101,113,117,101,115,116,97,117,116,104,111,114,105,122,97,116,105,111,110,0.0007324420868658684,13184
117,110,107,110,111,119,110,0,0,0,0,0,0,0,0,0,0,0,0,0,0,0,0,0,0,0,0,0,0,0,0,0,0,0,0,0,0,0,0,0,0,0,0,0,0,0,0,0,0,0,0.0007280665660860422,13184
115,111,114,114,121,101,114,114,111,114,111,99,99,117,114,114,101,100,109,97,110,97,103,105,110,103,105,109,97,103,101,115,112,108,101,97,115,101,116,114,121,0,0,0,0,0,0,0,0,0,0.0007512290762211526,13184
115,111,114,114,121,117,110,97,98,108,101,112,114,111,99,101,115,115,114,101,113,117,101,115,116,100,117,101,98,97,99,107,101,110,100,99,111,110,110,101,99,116,105,111,110,102,97,105,108,117,0.0007831269864865822,13184
115,111,114,114,121,117,110,97,98,108,101,112,114,111,99,101,115,115,114,101,113,117,101,115,116,100,117,101,98,97,99,107,101,110,100,116,105,109,101,111,117,116,0,0,0,0,0,0,0,0,0.0008059140596069181,13184
115,111,114,114,121,117,110,97,98,108,101,112,114,111,99,101,115,115,114,101,113,117,101,115,116,100,117,101,117,110,107,110,111,119,110,101,114,114,111,114,101,114,114,111,114,112,114,111,99,101,0.0008306736596889992,13184
115,111,114,114,121,117,110,97,98,108,101,112,114,111,99,101,115,115,114,101,113,117,101,115,116,100,117,101,117,110,107,110,111,119,110,101,114,114,111,114,101,114,114,111,114,97,116,108,97,110,0.000855214373989923,13184
115,111,114,114,121,117,110,97,98,108,101,112,114,111,99,101,115,115,114,101,113,117,101,115,116,100,117,101,117,110,107,110,111,119,110,101,114,114,111,114,101,114,114,111,114,97,116,108,97,110,0.0008722501199230064,13184
115,111,114,114,121,117,110,97,98,108,101,112,114,111,99,101,115,115,114,101,113,117,101,115,116,100,117,101,117,110,107,110,111,119,110,101,114,114,111,114,101,114,114,111,114,112,114,111,99,101,0.0011205551494255382,13184
115,111,114,114,121,97,99,99,101,115,115,114,101,115,111,117,114,99,101,0,0,0,0,0,0,0,0,0,0,0,0,0,0,0,0,0,0,0,0,0,0,0,0,0,0,0,0,0,0,0,0.0011171409305461902,13184
115,111,114,114,121,112,101,114,109,105,115,115,105,111,110,114,117,110,114,101,112,111,114,116,0,0,0,0,0,0,0,0,0,0,0,0,0,0,0,0,0,0,0,0,0,0,0,0,0,0,0.0011184966180286724,13184
115,101,114,118,105,99,101,114,101,113,117,101,115,116,0,0,0,0,0,0,0,0,0,0,0,0,0,0,0,0,0,0,0,0,0,0,0,0,0,0,0,0,0,0,0,0,0,0,0,0,0.0011122129271148714,13184
99,111,109,111,114,98,105,116,122,116,98,115,109,111,100,101,108,115,121,115,116,101,109,101,120,99,101,112,116,105,111,110,117,110,107,110,111,119,110,101,120,99,101,112,116,105,111,110,99,97,0.0009506065933681458,13184
99,111,109,111,114,98,105,116,122,116,98,115,109,111,100,101,108,115,121,115,116,101,109,101,120,99,101,112,116,105,111,110,117,110,107,110,111,119,110,101,120,99,101,112,116,105,111,110,99,97,0.0009036624520981221,13184
99,111,109,111,114,98,105,116,122,116,98,115,109,111,100,101,108,115,121,115,116,101,109,101,120,99,101,112,116,105,111,110,117,110,107,110,111,119,110,101,120,99,101,112,116,105,111,110,99,97,0.000820715427617176,13184
101,114,114,111,114,117,110,107,110,111,119,110,99,111,109,104,111,116,101,108,115,115,101,114,118,105,99,101,105,110,116,101,103,114,97,116,105,111,110,106,97,118,101,120,106,97,118,101,120,99,0.0008610584661716599,13184
101,114,114,111,114,112,114,111,99,101,115,115,102,97,105,108,0,0,0,0,0,0,0,0,0,0,0,0,0,0,0,0,0,0,0,0,0,0,0,0,0,0,0,0,0,0,0,0,0,0,0.0008562429609167508,13184
106,97,118,97,108,97,110,103,110,117,108,108,112,111,105,110,116,101,114,101,120,99,101,112,116,105,111,110,115,101,114,118,101,114,101,114,114,111,114,0,0,0,0,0,0,0,0,0,0,0,0.0008450991191180357,13184
110,117,108,108,101,114,114,111,114,115,101,114,118,101,114,101,114,114,111,114,103,101,110,101,114,105,99,116,114,97,118,101,108,115,101,114,118,101,114,101,114,114,111,114,101,120,112,101,100,105,0.0008433072980077044,13184
117,110,97,98,108,101,112,114,111,99,101,115,115,114,101,113,117,101,115,116,100,117,101,117,110,107,110,111,119,110,101,114,114,111,114,101,114,114,111,114,116,114,105,112,0,0,0,0,0,0,0.0008459679056235891,13184
108,97,110,103,117,97,103,101,99,111,100,101,110,101,101,100,101,100,108,97,110,103,117,97,103,101,116,114,97,110,115,108,97,116,105,111,110,0,0,0,0,0,0,0,0,0,0,0,0,0,0.01870428279255214,103
109,97,120,105,109,117,109,112,101,111,112,108,101,97,108,108,111,119,101,100,115,116,97,121,114,111,111,109,0,0,0,0,0,0,0,0,0,0,0,0,0,0,0,0,0,0,0,0,0,0,0.018544699045496976,103
112,97,103,101,110,101,101,100,101,100,108,97,110,103,117,97,103,101,116,114,97,110,115,108,97,116,105,111,110,0,0,0,0,0,0,0,0,0,0,0,0,0,0,0,0,0,0,0,0,0,0.018382318279326078,103
118,97,108,105,100,108,97,110,103,117,97,103,101,99,111,100,101,110,101,101,100,101,100,116,114,97,110,115,108,97,116,105,111,110,114,101,113,117,101,115,116,0,0,0,0,0,0,0,0,0,0.018156773233981773,103
97,99,116,105,118,105,116,121,112,117,114,99,104,97,115,101,114,101,113,117,105,114,101,100,0,0,0,0,0,0,0,0,0,0,0,0,0,0,0,0,0,0,0,0,0,0,0,0,0,0,0.018019880983000912,103
105,110,118,101,110,116,111,114,105,101,115,117,110,115,117,99,99,101,115,115,102,117,108,0,0,0,0,0,0,0,0,0,0,0,0,0,0,0,0,0,0,0,0,0,0,0,0,0,0,0,0.017889582976698574,103
99,97,99,104,101,100,97,118,97,105,108,97,98,105,108,105,116,121,102,111,117,110,100,112,108,101,97,115,101,114,101,105,115,115,117,101,97,118,97,105,108,97,98,105,108,105,116,121,0,0,0.017639164086244708,103
98,111,111,107,100,97,121,115,97,100,118,97,110,99,101,0,0,0,0,0,0,0,0,0,0,0,0,0,0,0,0,0,0,0,0,0,0,0,0,0,0,0,0,0,0,0,0,0,0,0,0.017563807349764184,103
99,104,111,111,115,101,97,110,111,116,104,101,114,104,111,116,101,108,116,114,121,0,0,0,0,0,0,0,0,0,0,0,0,0,0,0,0,0,0,0,0,0,0,0,0,0,0,0,0,0,0.01745288674720601,103
99,105,116,121,100,101,116,101,114,109,105,110,101,100,108,111,99,97,116,105,111,110,99,111,100,101,99,105,116,121,99,111,117,110,116,114,121,118,97,108,105,100,99,111,109,98,105,110,97,116,0.01718817555818321,103
100,97,116,97,118,97,108,105,100,97,116,105,111,110,0,0,0,0,0,0,0,0,0,0,0,0,0,0,0,0,0,0,0,0,0,0,0,0,0,0,0,0,0,0,0,0,0,0,0,0,0.01711783254179805,103
100,97,116,97,114,101,113,117,101,115,116,118,97,108,105,100,97,116,101,100,109,117,108,116,105,112,108,101,108,111,99,97,116,105,111,110,115,105,100,101,110,116,105,102,105,101,100,112,108,101,0.01679197226803229,103
104,111,116,101,108,114,101,99,111,103,110,105,122,101,100,0,0,0,0,0,0,0,0,0,0,0,0,0,0,0,0,0,0,0,0,0,0,0,0,0,0,0,0,0,0,0,0,0,0,0,0.016720194016387687,103
104,111,116,101,108,111,118,101,114,118,105,101,119,105,110,102,111,114,109,97,116,105,111,110,97,118,97,105,108,97,98,108,101,0,0,0,0,0,0,0,0,0,0,0,0,0,0,0,0,0,0.016565763567882214,103
104,111,116,101,108,102,111,117,110,100,0,0,0,0,0,0,0,0,0,0,0,0,0,0,0,0,0,0,0,0,0,0,0,0,0,0,0,0,0,0,0,0,0,0,0,0,0,0,0,0,0.016518735462945182,103
104,111,116,101,108,114,111,111,109,116,121,112,101,102,111,117,110,100,104,111,116,101,108,112,108,101,97,115,101,115,101,108,101,99,116,100,105,102,102,101,114,101,110,116,114,111,111,109,100,97,0.01588330537041098,103
105,110,99,111,114,114,101,99,116,120,109,108,102,111,114,109,97,116,112,108,101,97,115,101,99,104,101,99,107,109,105,115,115,105,110,103,101,108,101,109,101,110,116,115,111,100,100,99,104,97,0.015654183667064215,103
105,110,99,111,114,114,101,99,116,102,111,114,109,97,116,98,101,100,116,121,112,101,112,114,101,102,101,114,101,110,99,101,0,0,0,0,0,0,0,0,0,0,0,0,0,0,0,0,0,0,0.01552503503884769,103
105,110,99,111,114,114,101,99,116,118,97,108,117,101,115,116,97,114,114,97,116,105,110,103,0,0,0,0,0,0,0,0,0,0,0,0,0,0,0,0,0,0,0,0,0,0,0,0,0,0,0.015427881690057236,103
105,110,118,97,108,105,100,101,120,112,105,114,101,100,99,111,100,101,0,0,0,0,0,0,0,0,0,0,0,0,0,0,0,0,0,0,0,0,0,0,0,0,0,0,0,0,0,0,0,0,0.015357052296769334,103
105,110,118,101,110,116,111,114,121,115,111,117,114,99,101,105,110,102,111,114,109,97,116,105,111,110,109,105,115,109,97,116,99,104,0,0,0,0,0,0,0,0,0,0,0,0,0,0,0,0,0.015220073772651424,103
109,105,110,105,109,117,109,110,117,109,98,101,114,110,105,103,104,116,115,114,101,113,117,105,114,101,100,0,0,0,0,0,0,0,0,0,0,0,0,0,0,0,0,0,0,0,0,0,0,0,0.015114536175119113,103
109,117,115,116,115,117,112,112,108,121,99,104,105,108,100,114,101,110,97,103,101,0,0,0,0,0,0,0,0,0,0,0,0,0,0,0,0,0,0,0,0,0,0,0,0,0,0,0,0,0,0.015033255203879334,103
110,111,114,101,115,117,108,116,115,102,111,117,110,100,0,0,0,0,0,0,0,0,0,0,0,0,0,0,0,0,0,0,0,0,0,0,0,0,0,0,0,0,0,0,0,0,0,0,0,0,0.014977440180478557,103
118,97,99,97,110,99,121,112,108,101,97,115,101,116,114,121,100,105,102,102,101,114,101,110,116,100,97,116,101,115,110,101,97,114,98,121,104,111,116,101,108,115,0,0,0,0,0,0,0,0,0.01482660290807556,103
102,111,117,110,100,100,97,116,97,98,97,115,101,0,0,0,0,0,0,0,0,0,0,0,0,0,0,0,0,0,0,0,0,0,0,0,0,0,0,0,0,0,0,0,0,0,0,0,0,0,0.014780076349066229,103
112,114,105,99,101,109,105,115,109,97,116,99,104,0,0,0,0,0,0,0,0,0,0,0,0,0,0,0,0,0,0,0,0,0,0,0,0,0,0,0,0,0,0,0,0,0,0,0,0,0,0.014731787751404754,103
112,108,101,97,115,101,101,110,116,101,114,99,105,116,121,97,110,100,111,114,115,116,97,116,101,110,97,109,101,115,101,97,114,99,104,0,0,0,0,0,0,0,0,0,0,0,0,0,0,0,0.014611431070081537,103
112,108,101,97,115,101,101,110,116,101,114,118,97,108,105,100,99,111,117,110,116,114,121,99,111,100,101,0,0,0,0,0,0,0,0,0,0,0,0,0,0,0,0,0,0,0,0,0,0,0,0.014516840780189614,103
112,108,101,97,115,101,101,110,116,101,114,118,97,108,105,100,104,111,116,101,108,0,0,0,0,0,0,0,0,0,0,0,0,0,0,0,0,0,0,0,0,0,0,0,0,0,0,0,0,0,0.014443977209188413,103
112,108,101,97,115,101,101,110,116,101,114,118,97,108,105,100,115,116,97,116,101,99,111,100,101,0,0,0,0,0,0,0,0,0,0,0,0,0,0,0,0,0,0,0,0,0,0,0,0,0,0.014359628535867324,103
112,108,101,97,115,101,110,97,114,114,111,119,115,101,97,114,99,104,101,110,116,101,114,105,110,103,97,100,100,105,116,105,111,110,97,108,99,114,105,116,101,114,105,97,0,0,0,0,0,0,0.014214333587031842,103
112,108,101,97,115,101,110,97,114,114,111,119,115,101,97,114,99,104,101,110,116,101,114,105,110,103,100,101,115,116,105,110,97,116,105,111,110,105,110,102,111,114,109,97,116,105,111,110,108,97,0.013983218637624808,103
112,108,101,97,115,101,110,97,114,114,111,119,115,101,97,114,99,104,115,112,101,99,105,102,121,105,110,103,112,97,114,97,109,101,116,101,114,115,0,0,0,0,0,0,0,0,0,0,0,0,0.013861682242990656,103
112,108,101,97,115,101,110,97,114,114,111,119,115,101,97,114,99,104,101,110,116,101,114,105,110,103,99,105,116,121,110,97,109,101,0,0,0,0,0,0,0,0,0,0,0,0,0,0,0,0,0.013757597833767078,103
112,108,101,97,115,101,112,114,111,118,105,100,101,99,104,101,99,107,105,110,100,97,116,101,99,111,110,102,105,114,109,97,116,105,111,110,110,117,109,98,101,114,115,101,97,114,99,104,0,0,0.013614026179192057,103
112,108,101,97,115,101,112,114,111,118,105,100,101,108,97,116,105,116,117,100,101,100,101,99,105,109,97,108,99,111,111,114,100,105,110,97,116,101,115,101,97,114,99,104,0,0,0,0,0,0,0.01348336813522037,103
112,108,101,97,115,101,112,114,111,118,105,100,101,108,111,110,103,105,116,117,100,101,100,101,99,105,109,97,108,99,111,111,114,100,105,110,97,116,101,115,101,97,114,99,104,0,0,0,0,0,0.013352152269648778,103
112,108,101,97,115,101,112,114,111,118,105,100,101,100,101,99,105,109,97,108,108,97,116,105,116,117,100,101,108,111,110,103,105,116,117,100,101,99,111,111,114,100,105,110,97,116,101,115,115,101,0.013197857255396251,103
112,108,101,97,115,101,112,114,111,118,105,100,101,111,110,101,118,97,108,105,100,97,109,101,110,105,116,121,99,111,100,101,115,115,101,97,114,99,104,0,0,0,0,0,0,0,0,0,0,0,0.013091912492060351,103
112,108,101,97,115,101,116,114,121,100,105,102,102,101,114,101,110,116,100,97,116,101,115,110,101,97,114,98,121,104,111,116,101,108,115,0,0,0,0,0,0,0,0,0,0,0,0,0,0,0,0.012994734949767123,103
112,114,105,99,105,110,103,101,114,114,111,114,114,101,116,114,105,101,118,101,114,97,116,101,105,110,102,111,114,109,97,116,105,111,110,114,101,113,117,101,115,116,101,100,116,105,109,101,0,0,0.01286963988183463,103
112,114,111,98,108,101,109,103,101,116,116,105,110,103,100,101,116,97,105,108,101,100,114,111,111,109,97,118,97,105,108,120,109,108,119,115,114,97,116,101,100,101,116,97,105,108,116,104,114,101,0.012691370200774921,103
112,114,111,112,101,114,116,121,108,111,110,103,101,114,97,118,97,105,108,97,98,108,101,0,0,0,0,0,0,0,0,0,0,0,0,0,0,0,0,0,0,0,0,0,0,0,0,0,0,0,0.012630752530532625,103
112,114,111,112,101,114,116,121,108,111,111,107,117,112,102,97,105,108,101,100,115,117,112,112,108,105,101,114,104,111,116,101,108,105,100,113,117,101,114,121,99,97,110,112,114,111,99,101,101,100,0.012506731441727212,103
114,101,102,101,114,109,117,108,116,105,112,108,101,108,111,99,97,116,105,111,110,115,102,97,113,100,101,116,97,105,108,115,114,101,99,111,118,101,114,105,110,103,116,121,112,101,115,101,114,114,0.012379751794932073,103
115,112,101,99,105,102,105,101,100,97,114,114,105,118,97,108,100,97,116,101,112,114,105,111,114,116,111,100,97,121,115,100,97,116,101,0,0,0,0,0,0,0,0,0,0,0,0,0,0,0,0.012294837437427316,103
115,112,101,99,105,102,105,101,100,99,105,116,121,114,101,115,111,108,118,101,100,118,97,108,105,100,108,111,99,97,116,105,111,110,0,0,0,0,0,0,0,0,0,0,0,0,0,0,0,0,0.012213828316300914,103
115,117,112,112,108,105,101,114,114,101,116,117,114,110,116,101,120,116,110,117,108,108,117,110,112,97,114,115,97,98,108,101,0,0,0,0,0,0,0,0,0,0,0,0,0,0,0,0,0,0,0.012134583404461817,103
115,117,112,112,108,105,101,114,114,101,99,111,103,110,105,122,101,100,0,0,0,0,0,0,0,0,0,0,0,0,0,0,0,0,0,0,0,0,0,0,0,0,0,0,0,0,0,0,0,0,0.012090111540644401,103
103,117,101,115,116,115,116,97,103,108,97,114,103,101,115,109,97,108,108,98,97,115,101,100,115,112,101,99,105,102,105,101,100,110,117,109,98,101,114,114,111,111,109,115,116,97,103,0,0,0,0.01199764917872677,103
104,111,116,101,108,105,100,101,110,116,105,102,105,101,114,117,115,101,100,97,108,111,110,103,105,100,101,110,116,105,102,105,101,114,108,111,99,97,116,105,111,110,105,100,109,97,114,107,101,116,0.011857644436222713,103
97,109,101,110,105,116,121,99,111,100,101,105,110,118,97,108,105,100,0,0,0,0,0,0,0,0,0,0,0,0,0,0,0,0,0,0,0,0,0,0,0,0,0,0,0,0,0,0,0,0,0.011817103597229464,103
99,104,97,105,110,99,111,100,101,105,110,118,97,108,105,100,0,0,0,0,0,0,0,0,0,0,0,0,0,0,0,0,0,0,0,0,0,0,0,0,0,0,0,0,0,0,0,0,0,0,0.011782184282476627,103
99,108,105,101,110,116,114,101,113,117,101,115,116,108,97,99,107,101,100,108,111,99,97,116,105,111,110,105,110,102,111,104,111,116,101,108,115,104,111,112,112,105,110,103,114,101,113,117,101,115,0.01167239012881924,103
99,108,105,101,110,116,114,101,113,117,101,115,116,115,98,97,100,101,110,100,100,101,112,97,114,116,97,114,114,105,118,101,100,97,116,101,115,0,0,0,0,0,0,0,0,0,0,0,0,0,0.011594583058193454,103
99,108,105,101,110,116,114,101,113,117,101,115,116,115,98,97,100,115,116,97,114,116,98,101,103,105,110,100,101,112,97,114,116,97,114,114,105,118,101,100,97,116,101,115,0,0,0,0,0,0,0.011504562101550844,103
104,111,116,101,108,115,101,108,101,99,116,101,100,108,111,110,103,101,114,97,118,97,105,108,97,98,108,101,112,108,101,97,115,101,99,104,111,111,115,101,97,110,111,116,104,101,114,0,0,0,0.011412019859834024,103
108,111,99,97,108,101,118,97,108,105,100,0,0,0,0,0,0,0,0,0,0,0,0,0,0,0,0,0,0,0,0,0,0,0,0,0,0,0,0,0,0,0,0,0,0,0,0,0,0,0,0.011389666977902273,103
108,111,99,97,116,105,111,110,115,111,108,118,101,100,109,97,114,107,101,116,108,111,99,97,116,105,111,110,115,101,114,118,105,99,101,99,108,105,101,110,116,114,101,113,117,101,115,116,115,108,0.011276248934838645,103
110,117,109,98,101,114,104,111,116,101,108,103,117,101,115,116,115,101,120,99,101,101,100,115,97,108,108,111,119,97,98,108,101,110,117,109,98,101,114,112,101,114,104,111,116,101,108,114,111,111,0.011180842626102395,103
110,117,109,98,101,114,114,111,111,109,115,114,101,113,117,101,115,116,103,114,101,97,116,101,114,0,0,0,0,0,0,0,0,0,0,0,0,0,0,0,0,0,0,0,0,0,0,0,0,0,0.011131692441733827,103
114,97,116,105,110,103,99,111,100,101,105,110,118,97,108,105,100,0,0,0,0,0,0,0,0,0,0,0,0,0,0,0,0,0,0,0,0,0,0,0,0,0,0,0,0,0,0,0,0,0,0.011098486296063397,103
114,111,111,109,116,121,112,101,114,97,116,101,115,101,108,101,99,116,101,100,108,111,110,103,101,114,97,118,97,105,108,97,98,108,101,112,108,101,97,115,101,99,104,111,111,115,101,97,110,111,0.01095391488159933,103
115,101,115,115,105,111,110,101,120,112,105,114,101,100,0,0,0,0,0,0,0,0,0,0,0,0,0,0,0,0,0,0,0,0,0,0,0,0,0,0,0,0,0,0,0,0,0,0,0,0,0.010926285060689349,103
104,111,116,101,108,115,111,108,117,116,105,111,110,115,102,111,117,110,100,99,114,105,116,101,114,105,97,115,112,101,99,105,102,105,101,100,0,0,0,0,0,0,0,0,0,0,0,0,0,0,0.01086035929849792,103
101,114,114,111,114,120,109,108,114,101,113,117,101,115,116,115,116,114,117,99,116,117,114,101,99,111,114,114,101,99,116,120,109,108,119,101,108,108,102,111,114,109,101,100,97,110,100,111,114,116,0.010761130945602883,103
109,117,115,116,108,101,97,115,116,111,110,101,97,100,117,108,116,101,118,101,114,121,114,111,111,109,115,117,105,116,101,114,101,115,101,114,118,101,0,0,0,0,0,0,0,0,0,0,0,0,0.010698794018651803,103
111,114,100,101,114,98,121,116,121,112,101,113,117,101,114,121,118,97,108,105,100,112,108,101,97,115,101,116,114,121,0,0,0,0,0,0,0,0,0,0,0,0,0,0,0,0,0,0,0,0,0.01064512821191352,103
112,114,111,100,117,99,116,99,117,114,114,101,110,116,108,121,97,118,97,105,108,97,98,108,101,114,101,113,117,101,115,116,101,100,112,114,111,100,117,99,116,97,118,97,105,108,97,98,108,101,0.010558165764477916,103
114,101,115,101,114,118,97,116,105,111,110,99,97,110,112,114,111,99,101,115,115,101,100,100,97,121,115,99,111,114,114,101,99,116,105,110,102,111,114,109,97,116,105,111,110,116,114,121,0,0,0.010482589458421787,103
115,111,114,116,98,121,116,121,112,101,113,117,101,114,121,118,97,108,105,100,112,108,101,97,115,101,116,114,121,0,0,0,0,0,0,0,0,0,0,0,0,0,0,0,0,0,0,0,0,0,0.010432693085125306,103
97,99,99,101,112,116,114,101,115,101,114,118,97,116,105,111,110,108,111,110,103,101,114,100,97,121,115,0,0,0,0,0,0,0,0,0,0,0,0,0,0,0,0,0,0,0,0,0,0,0,0.010388291228883396,103
99,108,105,101,110,116,114,101,113,117,101,115,116,105,110,99,108,117,100,101,112,111,115,105,110,102,111,0,0,0,0,0,0,0,0,0,0,0,0,0,0,0,0,0,0,0,0,0,0,0,0.010344037652546961,103
120,109,108,119,101,108,108,102,111,114,109,101,100,0,0,0,0,0,0,0,0,0,0,0,0,0,0,0,0,0,0,0,0,0,0,0,0,0,0,0,0,0,0,0,0,0,0,0,0,0,0.010322180025701518,103
99,97,110,98,111,111,107,114,111,111,109,115,116,105,109,101,0,0,0,0,0,0,0,0,0,0,0,0,0,0,0,0,0,0,0,0,0,0,0,0,0,0,0,0,0,0,0,0,0,0,0.010297959092589995,103
101,120,99,101,101,100,101,100,109,97,120,105,109,117,109,110,117,109,98,101,114,104,111,116,101,108,115,114,101,113,117,101,115,116,0,0,0,0,0,0,0,0,0,0,0,0,0,0,0,0,0.010244454375172336,103
99,111,109,116,114,97,118,101,108,110,111,119,115,117,112,112,108,105,101,114,104,111,116,101,108,109,101,114,99,104,97,110,116,116,114,97,110,115,108,97,116,111,114,116,114,97,110,115,108,97,0.01008646336204548,103
99,111,109,116,114,97,118,101,108,110,111,119,115,117,112,112,108,105,101,114,104,111,116,101,108,109,101,114,99,104,97,110,116,116,114,97,110,115,108,97,116,111,114,116,114,97,110,115,108,97,0.009941558560988769,103
100,97,121,115,97,100,118,97,110,99,101,109,97,120,105,109,117,109,99,97,110,115,101,97,114,99,104,101,100,0,0,0,0,0,0,0,0,0,0,0,0,0,0,0,0,0,0,0,0,0,0.009898948293379466,103
101,114,114,111,114,115,115,117,112,112,108,105,101,114,104,111,116,101,108,110,111,108,111,110,103,101,114,101,114,114,111,114,115,117,112,112,108,105,101,114,0,0,0,0,0,0,0,0,0,0,0.009833748797175352,103
109,121,115,116,105,113,117,101,114,97,116,101,98,114,101,97,107,100,111,119,110,0,0,0,0,0,0,0,0,0,0,0,0,0,0,0,0,0,0,0,0,0,0,0,0,0,0,0,0,0,0.009799860160347455,103
109,121,115,116,105,113,117,101,114,97,116,101,118,97,108,105,100,97,116,105,111,110,0,0,0,0,0,0,0,0,0,0,0,0,0,0,0,0,0,0,0,0,0,0,0,0,0,0,0,0,0.009764587806716733,103
115,112,101,99,105,102,105,101,100,97,114,114,105,118,97,108,100,97,116,101,112,114,105,111,114,116,111,100,97,121,115,100,97,116,101,99,111,114,114,101,99,116,105,110,102,111,114,109,97,116,0.009686450117877577,103
116,105,109,101,115,116,97,114,116,116,105,109,101,101,110,100,118,97,108,105,100,100,97,116,101,121,109,100,121,109,100,0,0,0,0,0,0,0,0,0,0,0,0,0,0,0,0,0,0,0,0.009645104044252934,103
97,103,101,110,116,97,116,116,101,110,116,105,111,110,114,101,115,101,114,118,97,116,105,111,110,114,101,113,117,105,114,101,115,97,103,101,110,116,99,111,110,102,105,114,109,97,103,101,110,116,0.011677834462803625,206
97,108,114,101,97,100,121,98,111,111,107,101,100,0,0,0,0,0,0,0,0,0,0,0,0,0,0,0,0,0,0,0,0,0,0,0,0,0,0,0,0,0,0,0,0,0,0,0,0,0,0.011654522550644326,206
97,100,100,105,116,105,111,110,97,108,97,103,101,110,116,97,116,116,101,110,116,105,111,110,114,101,113,117,105,114,101,100,114,101,115,101,114,118,97,116,105,111,110,0,0,0,0,0,0,0,0.01157892139287306,206
97,103,101,110,116,119,97,105,116,105,110,103,115,117,112,112,108,105,101,114,99,111,110,102,105,114,109,97,116,105,111,110,110,117,109,98,101,114,0,0,0,0,0,0,0,0,0,0,0,0,0.011513165014696736,206
97,108,116,101,114,110,97,116,101,112,104,111,110,101,109,117,115,116,110,117,109,101,114,105,99,105,110,99,108,117,100,101,97,114,101,97,99,111,100,101,0,0,0,0,0,0,0,0,0,0,0.011447881126834088,206
100,97,116,97,114,101,113,117,101,115,116,118,97,108,105,100,97,116,101,100,118,97,108,105,100,102,105,114,115,116,108,97,115,116,110,97,109,101,111,110,101,97,100,117,108,116,103,117,101,115,0.011359088954395207,206
100,97,116,97,114,101,113,117,101,115,116,118,97,108,105,100,97,116,101,100,108,97,115,116,110,97,109,101,99,111,110,116,97,105,110,115,105,110,118,97,108,105,100,105,110,115,117,102,102,105,0.011272377131507057,206
100,97,116,97,114,101,113,117,101,115,116,118,97,108,105,100,97,116,101,100,115,112,101,99,105,102,105,101,100,101,109,97,105,108,97,100,100,114,101,115,115,114,101,115,111,108,118,101,100,112,0.01119057381050001,206
100,97,116,97,114,101,113,117,101,115,116,118,97,108,105,100,97,116,101,100,102,105,114,115,116,110,97,109,101,99,111,110,116,97,105,110,115,105,110,118,97,108,105,100,105,110,115,117,102,102,0.011105040036380374,206
100,97,116,101,102,111,114,109,97,116,101,120,105,115,116,0,0,0,0,0,0,0,0,0,0,0,0,0,0,0,0,0,0,0,0,0,0,0,0,0,0,0,0,0,0,0,0,0,0,0,0.011081125437361311,206
100,117,112,108,105,99,97,116,101,114,101,115,101,114,118,97,116,105,111,110,114,101,113,117,101,115,116,0,0,0,0,0,0,0,0,0,0,0,0,0,0,0,0,0,0,0,0,0,0,0,0.011037003053483348,206
101,114,114,111,114,117,110,109,97,114,115,104,97,108,105,110,103,114,101,113,117,101,115,116,117,115,105,110,103,102,97,115,116,105,110,102,111,115,101,116,99,111,109,101,120,112,101,100,105,97,0.010775524662709696,206
102,97,105,108,117,114,101,118,97,108,105,100,97,116,101,98,111,111,107,105,110,103,0,0,0,0,0,0,0,0,0,0,0,0,0,0,0,0,0,0,0,0,0,0,0,0,0,0,0,0,0.010742696238393504,206
102,105,110,97,108,114,101,115,101,114,118,97,116,105,111,110,112,114,105,99,101,99,104,101,99,107,102,97,105,108,101,100,98,111,111,107,105,110,103,113,117,111,116,101,107,101,121,0,0,0,0.010675659279500746,206
102,105,110,97,108,114,101,115,101,114,118,97,116,105,111,110,112,114,105,99,101,99,104,101,99,107,102,97,105,108,101,100,98,111,111,107,105,110,103,114,97,116,101,114,101,113,117,101,115,116,0.010577524362862575,206
104,111,109,101,112,104,111,110,101,109,117,115,116,110,117,109,101,114,105,99,105,110,99,108,117,100,101,97,114,101,97,99,111,100,101,0,0,0,0,0,0,0,0,0,0,0,0,0,0,0,0.010530984934103736,206
104,111,116,101,108,98,111,111,107,105,110,103,101,114,114,111,114,98,111,111,107,101,100,114,97,116,101,101,120,99,101,101,100,115,113,117,111,116,101,100,114,97,116,101,98,111,111,107,105,110,0.01042765943252439,206
104,111,116,101,108,98,111,111,107,105,110,103,101,114,114,111,114,98,111,111,107,105,110,103,101,114,114,111,114,0,0,0,0,0,0,0,0,0,0,0,0,0,0,0,0,0,0,0,0,0,0.010387508146027933,206
104,111,116,101,108,98,111,111,107,105,110,103,101,114,114,111,114,114,97,116,101,97,118,97,105,108,97,98,108,101,0,0,0,0,0,0,0,0,0,0,0,0,0,0,0,0,0,0,0,0,0.010347079230222987,206
104,111,116,101,108,98,111,111,107,105,110,103,101,114,114,111,114,100,111,117,98,108,101,98,111,111,107,0,0,0,0,0,0,0,0,0,0,0,0,0,0,0,0,0,0,0,0,0,0,0,0.010310668237209438,206
104,111,116,101,108,98,111,111,107,105,110,103,101,114,114,111,114,116,114,121,0,0,0,0,0,0,0,0,0,0,0,0,0,0,0,0,0,0,0,0,0,0,0,0,0,0,0,0,0,0,0.01028310344086375,206
104,111,116,101,108,98,111,111,107,105,110,118,97,108,105,100,105,110,105,116,105,97,108,115,109,117,115,116,97,108,112,104,97,110,117,109,101,114,105,99,99,104,97,114,97,99,116,101,114,115,0.010189950719682844,206
104,111,116,101,108,114,111,111,109,117,110,97,118,97,105,108,97,98,108,101,104,111,116,101,108,105,100,114,97,116,101,99,111,100,101,114,111,111,109,99,111,100,101,114,97,116,101,97,99,99,0.010095773810261303,206
105,116,105,110,101,114,97,114,121,97,108,114,101,97,100,121,98,111,111,107,101,100,0,0,0,0,0,0,0,0,0,0,0,0,0,0,0,0,0,0,0,0,0,0,0,0,0,0,0,0,0.010066476498500851,206
105,110,102,111,114,109,97,116,105,111,110,114,101,113,117,105,114,101,100,112,114,111,99,101,115,115,105,110,103,114,101,113,117,101,115,116,99,114,101,97,116,101,100,114,101,113,117,101,115,116,0.009985161479101804,206
105,110,118,97,108,105,100,99,111,117,110,116,114,121,99,111,100,101,0,0,0,0,0,0,0,0,0,0,0,0,0,0,0,0,0,0,0,0,0,0,0,0,0,0,0,0,0,0,0,0,0.009961635938368338,206
105,110,118,97,108,105,100,110,117,109,98,101,114,97,114,103,117,109,101,110,116,115,0,0,0,0,0,0,0,0,0,0,0,0,0,0,0,0,0,0,0,0,0,0,0,0,0,0,0,0,0.009933468029214148,206
105,110,118,97,108,105,100,114,111,111,109,103,117,101,115,116,99,111,117,110,116,112,108,101,97,115,101,112,114,111,118,105,100,101,103,117,101,115,116,110,97,109,101,114,111,111,109,0,0,0,0.009878106198053524,206
108,97,115,116,110,97,109,101,109,117,115,116,108,101,97,115,116,116,119,111,99,104,97,114,97,99,116,101,114,115,114,111,111,109,105,110,118,97,108,105,100,108,97,115,116,110,97,109,101,0,0.009821671892156474,206
109,105,115,115,105,110,103,99,111,110,102,105,114,109,97,116,105,111,110,110,117,109,98,101,114,0,0,0,0,0,0,0,0,0,0,0,0,0,0,0,0,0,0,0,0,0,0,0,0,0,0.009790350287280883,206
109,105,115,115,105,110,103,105,110,118,101,110,116,111,114,121,115,111,117,114,99,101,99,111,100,101,0,0,0,0,0,0,0,0,0,0,0,0,0,0,0,0,0,0,0,0,0,0,0,0,0.009758111051243853,206
109,105,115,115,105,110,103,114,111,111,109,116,121,112,101,114,97,116,101,112,108,97,110,99,111,100,101,0,0,0,0,0,0,0,0,0,0,0,0,0,0,0,0,0,0,0,0,0,0,0,0.009726939378065623,206
109,117,108,116,105,112,108,101,98,111,111,107,105,110,103,112,114,111,103,114,101,115,115,112,108,101,97,115,101,114,101,116,114,121,0,0,0,0,0,0,0,0,0,0,0,0,0,0,0,0,0.00968621468685475,206
97,118,97,105,108,97,98,105,108,116,121,102,111,117,110,100,114,101,115,101,114,118,97,116,105,111,110,114,101,113,117,101,115,116,112,108,101,97,115,101,116,114,121,99,111,114,114,101,99,116,0.00947093680755404,206
111,110,101,114,111,111,109,116,105,109,101,109,97,121,114,101,115,101,114,118,101,100,0,0,0,0,0,0,0,0,0,0,0,0,0,0,0,0,0,0,0,0,0,0,0,0,0,0,0,0,0.009448282106561312,206
112,108,101,97,115,101,114,101,115,117,98,109,105,116,98,111,111,107,105,110,103,114,101,113,117,101,115,116,0,0,0,0,0,0,0,0,0,0,0,0,0,0,0,0,0,0,0,0,0,0,0.009416760705588882,206
112,111,115,116,97,108,99,111,100,101,99,111,110,116,97,105,110,115,105,110,118,97,108,105,100,105,110,115,117,102,102,105,99,105,101,110,116,100,97,116,97,0,0,0,0,0,0,0,0,0,0.009372472005246067,206
112,114,105,99,101,99,104,97,110,103,101,104,97,112,112,101,110,101,100,103,105,118,101,110,112,114,111,100,117,99,116,117,115,100,112,114,105,99,101,99,104,97,110,103,101,100,99,111,109,111,0.009054597315765543,206
112,114,105,99,101,99,104,97,110,103,101,100,0,0,0,0,0,0,0,0,0,0,0,0,0,0,0,0,0,0,0,0,0,0,0,0,0,0,0,0,0,0,0,0,0,0,0,0,0,0,0.009042605550220063,206
112,114,111,112,101,114,116,121,97,118,97,105,108,97,98,108,101,98,111,111,107,105,110,103,116,105,109,101,0,0,0,0,0,0,0,0,0,0,0,0,0,0,0,0,0,0,0,0,0,0,0.009014656212827661,206
114,97,116,101,97,118,97,105,108,97,98,108,101,0,0,0,0,0,0,0,0,0,0,0,0,0,0,0,0,0,0,0,0,0,0,0,0,0,0,0,0,0,0,0,0,0,0,0,0,0,0.009001680861693586,206
114,101,115,101,114,118,97,116,105,111,110,114,101,113,117,101,115,116,100,117,112,108,105,99,97,116,101,100,112,108,101,97,115,101,99,111,114,114,101,99,116,105,110,102,111,114,109,97,116,105,0.008942178583417256,206
114,101,115,101,114,118,97,116,105,111,110,114,101,113,117,105,114,101,115,97,103,101,110,116,99,111,110,102,105,114,109,0,0,0,0,0,0,0,0,0,0,0,0,0,0,0,0,0,0,0,0.008910953712825912,206
114,101,115,101,114,118,97,116,105,111,110,108,111,99,107,101,100,0,0,0,0,0,0,0,0,0,0,0,0,0,0,0,0,0,0,0,0,0,0,0,0,0,0,0,0,0,0,0,0,0,0.008893803463384102,206
114,111,111,109,99,111,100,101,105,110,118,97,108,105,100,0,0,0,0,0,0,0,0,0,0,0,0,0,0,0,0,0,0,0,0,0,0,0,0,0,0,0,0,0,0,0,0,0,0,0,0.008879030242439391,206
115,111,108,100,111,117,116,114,111,111,109,116,114,121,105,110,103,98,111,111,107,115,111,108,100,112,108,101,97,115,101,99,104,111,111,115,101,97,110,111,116,104,101,114,101,114,114,111,114,115,0.008797999157540017,206
115,111,114,114,121,97,118,97,105,108,97,98,105,108,105,116,121,102,111,117,110,100,114,101,115,101,114,118,97,116,105,111,110,114,101,113,117,101,115,116,118,101,114,105,102,121,97,110,111,116,0.008718157644665988,206
115,117,112,112,108,105,101,114,114,101,97,100,121,0,0,0,0,0,0,0,0,0,0,0,0,0,0,0,0,0,0,0,0,0,0,0,0,0,0,0,0,0,0,0,0,0,0,0,0,0,0.008705575121339652,206
99,111,114,112,111,114,97,116,101,110,117,109,98,101,114,115,117,112,112,108,105,101,100,105,110,118,97,108,105,100,112,108,101,97,115,101,99,111,114,114,101,99,116,100,101,108,101,116,101,105,0.008651868654471684,206
99,111,114,112,111,114,97,116,101,101,110,116,101,114,101,100,99,111,110,116,97,105,110,101,100,105,108,108,101,103,97,108,99,104,97,114,97,99,116,101,114,115,112,108,101,97,115,101,99,111,0.008605320223750032,206
102,114,101,113,117,101,110,116,103,117,101,115,116,101,110,116,101,114,101,100,99,111,110,116,97,105,110,101,100,105,108,108,101,103,97,108,99,104,97,114,97,99,116,101,114,115,112,108,101,97,0.008556449671303645,206
102,114,101,113,117,101,110,116,103,117,101,115,116,110,117,109,98,101,114,115,117,112,112,108,105,101,100,105,110,118,97,108,105,100,112,108,101,97,115,101,99,111,114,114,101,99,116,100,101,108,0.008501212480192782,206
98,111,111,107,105,110,103,99,111,110,102,105,114,109,101,100,114,101,102,101,114,112,101,110,100,105,110,103,112,114,111,99,101,115,115,0,0,0,0,0,0,0,0,0,0,0,0,0,0,0,0.0084729786025756,206
104,111,116,101,108,117,110,97,98,108,101,112,114,111,118,105,100,101,105,116,105,110,101,114,97,114,121,110,117,109,98,101,114,114,101,115,101,114,118,97,116,105,111,110,112,108,101,97,115,101,0.00841989967140635,206
109,97,120,105,109,117,109,110,117,109,98,101,114,112,101,114,115,111,110,115,112,101,114,114,111,111,109,101,120,99,101,101,100,101,100,114,111,111,109,99,97,112,97,99,105,116,121,98,101,121,0.008368896599225482,206
109,117,108,116,105,114,111,111,109,98,111,111,107,105,110,103,109,117,115,116,100,105,102,102,101,114,101,110,116,117,110,105,113,117,101,103,117,101,115,116,110,97,109,101,114,111,111,109,112,108,0.008304781979073373,206
110,117,109,98,101,114,114,111,111,109,115,114,101,113,117,101,115,116,101,100,103,114,101,97,116,101,114,109,97,120,105,109,117,109,110,117,109,98,101,114,114,111,111,109,115,97,108,108,111,119,0.008261289953969981,206
114,101,113,117,101,115,116,101,100,110,117,109,98,101,114,110,105,103,104,116,115,108,101,115,115,109,105,110,105,109,117,109,110,117,109,98,101,114,110,105,103,104,116,115,114,101,113,117,105,114,0.008221459112462573,206
114,111,111,109,114,97,116,101,99,104,97,110,103,101,100,0,0,0,0,0,0,0,0,0,0,0,0,0,0,0,0,0,0,0,0,0,0,0,0,0,0,0,0,0,0,0,0,0,0,0,0.008209693257837712,206
114,111,111,109,116,121,112,101,114,97,116,101,115,101,108,101,99,116,101,100,108,111,110,103,101,114,97,118,97,105,108,97,98,108,101,112,108,101,97,115,101,99,104,111,111,115,101,97,110,111,0.008172566469786986,206
115,101,108,101,99,116,101,100,114,111,111,109,115,111,108,100,0,0,0,0,0,0,0,0,0,0,0,0,0,0,0,0,0,0,0,0,0,0,0,0,0,0,0,0,0,0,0,0,0,0,0.008159914000102015,206
112,114,111,98,108,101,109,98,111,111,107,105,110,103,99,111,109,109,117,110,105,99,97,116,105,110,103,98,97,99,107,101,110,100,115,117,112,112,108,105,101,114,98,111,111,107,105,110,103,119,0.008085281811469358,206
112,114,111,98,108,101,109,104,111,116,101,108,114,111,111,109,114,101,115,101,114,118,97,116,105,111,110,112,108,101,97,115,101,115,101,108,101,99,116,97,110,111,116,104,101,114,100,97,116,101,0.008044430111611192,206
112,114,111,100,117,99,116,99,117,114,114,101,110,116,108,121,97,118,97,105,108,97,98,108,101,99,111,109,111,114,98,105,116,122,116,98,115,109,111,100,101,108,112,114,111,100,117,99,116,117,0.0077175586124208105,206
112,114,111,100,117,99,116,99,117,114,114,101,110,116,108,121,97,118,97,105,108,97,98,108,101,99,111,109,111,114,98,105,116,122,116,98,115,109,111,100,101,108,112,114,111,100,117,99,116,117,0.007430418165467627,206
112,114,111,100,117,99,116,99,117,114,114,101,110,116,108,121,97,118,97,105,108,97,98,108,101,99,111,109,111,114,98,105,116,122,116,98,115,109,111,100,101,108,115,121,115,116,101,109,101,120,0.007176645381077086,206
112,114,111,100,117,99,116,99,117,114,114,101,110,116,108,121,97,118,97,105,108,97,98,108,101,99,111,109,111,114,98,105,116,122,116,98,115,109,111,100,101,108,115,121,115,116,101,109,101,120,0.0067317322392738965,206
114,101,115,101,114,118,97,116,105,111,110,99,97,110,99,111,109,112,108,101,116,101,100,112,108,101,97,115,101,99,111,114,114,101,99,116,99,117,115,116,111,109,101,114,105,110,102,111,114,109,0.006703799675862876,206
114,101,115,101,114,118,97,116,105,111,110,99,97,110,99,111,109,112,108,101,116,101,100,112,108,101,97,115,101,99,111,114,114,101,99,116,101,109,97,105,108,97,100,100,114,101,115,115,0,0,0.006681479992419424,206
114,101,115,101,114,118,97,116,105,111,110,99,97,110,112,114,111,99,101,115,115,101,100,100,97,121,115,99,111,114,114,101,99,116,105,110,102,111,114,109,97,116,105,111,110,116,114,121,0,0,0.006661365572949903,206
114,101,115,101,114,118,97,116,105,111,110,99,97,110,112,114,111,99,101,115,115,101,100,102,105,114,115,116,110,97,109,101,99,111,110,116,97,105,110,115,105,110,118,97,108,105,100,100,97,116,0.006630613309520501,206
116,105,109,101,111,117,116,101,120,99,101,112,116,105,111,110,111,99,99,117,114,114,101,100,114,111,108,108,98,97,99,107,111,110,116,105,109,101,111,117,116,116,114,117,101,111,114,100,101,114,0.006589724234006348,206
116,114,97,118,101,108,110,111,119,99,111,109,115,101,114,118,105,99,101,114,101,113,117,101,115,116,115,112,101,99,105,102,105,101,100,101,109,97,105,108,97,100,100,114,101,115,115,114,101,115,0.006564229903522523,206
116,114,97,118,101,108,110,111,119,99,111,109,117,110,97,98,108,101,97,112,112,114,111,112,114,105,97,116,101,108,121,99,114,101,97,116,101,98,97,99,107,101,110,100,105,110,102,111,114,109,0.006531537505550804,206
116,114,121,112,114,111,99,101,115,115,114,101,115,101,114,118,97,116,105,111,110,99,111,110,116,97,99,116,117,115,0,0,0,0,0,0,0,0,0,0,0,0,0,0,0,0,0,0,0,0,0.0065171600834814875,206
117,110,97,98,108,101,97,100,100,116,114,97,118,101,108,101,114,0,0,0,0,0,0,0,0,0,0,0,0,0,0,0,0,0,0,0,0,0,0,0,0,0,0,0,0,0,0,0,0,0,0.00650894974559193,206
99,111,110,102,105,114,109,97,116,105,111,110,110,117,109,98,101,114,99,117,114,114,101,110,116,108,121,97,118,97,105,108,97,98,108,101,119,105,108,108,101,109,97,105,108,99,111,110,102,105,0.006476539696519736,206
101,114,114,111,114,98,111,111,107,104,111,108,100,101,114,114,111,114,101,120,112,101,100,105,97,98,111,111,107,104,111,108,100,114,101,113,102,97,105,108,101,100,0,0,0,0,0,0,0,0,0.006457860042730331,206
101,114,114,111,114,117,110,107,110,111,119,110,99,114,101,97,116,101,111,114,100,101,114,117,110,101,120,112,101,99,116,101,100,101,120,99,101,112,116,105,111,110,106,97,118,97,117,116,105,108,0.0064103811229641455,206
101,114,114,111,114,98,111,111,107,105,110,103,114,117,108,101,99,104,97,110,103,101,100,104,111,116,101,108,114,117,108,101,115,99,104,97,110,103,101,100,116,105,109,101,98,111,111,107,105,110,0.006386901551531062,206
101,114,114,111,114,99,111,117,112,111,110,101,114,114,111,114,99,117,114,114,101,110,99,121,104,97,115,99,104,97,110,103,101,100,101,114,114,111,114,99,117,115,116,111,109,101,114,102,105,108,0.006331912464564715,206
101,114,114,111,114,112,114,105,99,101,109,105,115,109,97,116,99,104,105,110,116,101,114,110,97,108,97,112,112,108,105,99,97,116,105,111,110,101,114,114,111,114,109,101,115,115,97,103,101,114,0.006278056153425155,206
101,114,114,111,114,117,110,107,110,111,119,110,105,110,116,101,114,110,97,108,97,112,112,108,105,99,97,116,105,111,110,101,114,114,111,114,109,101,115,115,97,103,101,114,101,102,101,114,101,110,0.006181517656945786,206
109,121,115,116,105,113,117,101,98,111,111,107,105,110,103,0,0,0,0,0,0,0,0,0,0,0,0,0,0,0,0,0,0,0,0,0,0,0,0,0,0,0,0,0,0,0,0,0,0,0,0.0061744468988789245,206
99,97,110,99,101,108,108,101,100,112,114,111,100,117,99,116,0,0,0,0,0,0,0,0,0,0,0,0,0,0,0,0,0,0,0,0,0,0,0,0,0,0,0,0,0,0,0,0,0,0,0.01609436198022668,412
99,97,110,99,101,108,108,101,100,112,114,111,100,117,99,116,0,0,0,0,0,0,0,0,0,0,0,0,0,0,0,0,0,0,0,0,0,0,0,0,0,0,0,0,0,0,0,0,0,0,0.016075436398145505,412
99,108,105,101,110,116,102,111,117,110,100,115,121,115,116,101,109,0,0,0,0,0,0,0,0,0,0,0,0,0,0,0,0,0,0,0,0,0,0,0,0,0,0,0,0,0,0,0,0,0,0.016055268935274102,412
104,111,116,101,108,112,114,101,99,97,110,99,101,108,102,97,105,108,101,100,0,0,0,0,0,0,0,0,0,0,0,0,0,0,0,0,0,0,0,0,0,0,0,0,0,0,0,0,0,0,0.016032238009857012,412
99,97,110,99,101,108,117,99,104,111,116,101,108,115,101,103,109,101,110,116,0,0,0,0,0,0,0,0,0,0,0,0,0,0,0,0,0,0,0,0,0,0,0,0,0,0,0,0,0,0,0.016009920025246444,412
109,117,108,116,105,114,111,111,109,112,97,114,116,105,97,108,99,97,110,99,101,108,108,97,116,105,111,110,0,0,0,0,0,0,0,0,0,0,0,0,0,0,0,0,0,0,0,0,0,0,0.015977177640911458,412
109,117,108,116,105,114,111,111,109,112,97,114,116,105,97,108,99,97,110,99,101,108,108,97,116,105,111,110,0,0,0,0,0,0,0,0,0,0,0,0,0,0,0,0,0,0,0,0,0,0,0.015944033533290696,412
104,111,116,101,108,99,111,110,102,105,114,109,97,116,105,111,110,110,117,109,98,101,114,102,111,117,110,100,0,0,0,0,0,0,0,0,0,0,0,0,0,0,0,0,0,0,0,0,0,0,0.01591183319876148,412
104,111,116,101,108,99,111,110,102,105,114,109,97,116,105,111,110,110,117,109,98,101,114,102,111,117,110,100,0,0,0,0,0,0,0,0,0,0,0,0,0,0,0,0,0,0,0,0,0,0,0.015879409366566646,412
111,114,100,101,114,99,117,114,114,101,110,116,108,121,112,114,111,99,101,115,115,101,100,0,0,0,0,0,0,0,0,0,0,0,0,0,0,0,0,0,0,0,0,0,0,0,0,0,0,0,0.01585265703793028,412
112,97,114,116,105,97,108,99,97,110,99,101,108,108,97,116,105,111,110,0,0,0,0,0,0,0,0,0,0,0,0,0,0,0,0,0,0,0,0,0,0,0,0,0,0,0,0,0,0,0,0.01583094428441428,412
112,114,111,100,117,99,116,117,110,97,118,97,105,108,97,98,108,101,0,0,0,0,0,0,0,0,0,0,0,0,0,0,0,0,0,0,0,0,0,0,0,0,0,0,0,0,0,0,0,0,0.015810120570840924,412
112,108,101,97,115,101,99,111,110,116,97,99,116,99,117,115,116,111,109,101,114,115,101,114,118,105,99,101,0,0,0,0,0,0,0,0,0,0,0,0,0,0,0,0,0,0,0,0,0,0,0.015778126005815317,412
112,108,101,97,115,101,101,110,116,101,114,99,117,115,116,111,109,101,114,115,114,101,115,101,114,118,97,116,105,111,110,99,111,110,102,105,114,109,97,116,105,111,110,110,117,109,98,101,114,0,0.015722846747317033,412
112,108,101,97,115,101,116,114,121,108,97,116,101,114,0,0,0,0,0,0,0,0,0,0,0,0,0,0,0,0,0,0,0,0,0,0,0,0,0,0,0,0,0,0,0,0,0,0,0,0,0.01570696786682468,412
112,114,111,98,97,98,108,121,114,101,115,101,114,118,97,116,105,111,110,97,108,114,101,97,100,121,112,114,111,99,101,115,115,101,100,99,97,110,99,101,108,108,101,100,112,108,101,97,115,101,0.01563611813593576,412
114,101,115,110,111,116,102,111,117,110,100,0,0,0,0,0,0,0,0,0,0,0,0,0,0,0,0,0,0,0,0,0,0,0,0,0,0,0,0,0,0,0,0,0,0,0,0,0,0,0,0.01562338062903303,412
114,101,113,117,101,115,116,101,100,112,114,111,100,117,99,116,97,108,114,101,97,100,121,99,97,110,99,101,108,108,101,100,0,0,0,0,0,0,0,0,0,0,0,0,0,0,0,0,0,0,0.01558866565347702,412
114,101,115,101,114,118,97,116,105,111,110,99,97,110,99,101,108,108,101,100,0,0,0,0,0,0,0,0,0,0,0,0,0,0,0,0,0,0,0,0,0,0,0,0,0,0,0,0,0,0,0.015566566523489716,412
114,101,115,101,114,118,97,116,105,111,110,102,111,117,110,100,0,0,0,0,0,0,0,0,0,0,0,0,0,0,0,0,0,0,0,0,0,0,0,0,0,0,0,0,0,0,0,0,0,0,0.015548703579579113,412
114,101,115,101,114,118,97,116,105,111,110,114,101,116,114,105,101,118,101,100,0,0,0,0,0,0,0,0,0,0,0,0,0,0,0,0,0,0,0,0,0,0,0,0,0,0,0,0,0,0,0.015526403678313856,412
114,101,115,101,114,118,97,116,105,111,110,102,111,117,110,100,115,121,115,116,101,109,0,0,0,0,0,0,0,0,0,0,0,0,0,0,0,0,0,0,0,0,0,0,0,0,0,0,0,0,0.01550177866366886,412
104,111,116,101,108,99,111,110,102,105,114,109,97,116,105,111,110,105,110,102,111,114,109,97,116,105,111,110,112,114,111,118,105,100,101,100,114,101,115,111,108,118,101,100,118,97,108,105,100,114,0.015444182274590984,412
114,111,111,109,115,104,111,116,101,108,114,101,115,101,114,118,97,116,105,111,110,99,97,110,99,101,108,108,101,100,0,0,0,0,0,0,0,0,0,0,0,0,0,0,0,0,0,0,0,0,0.015412593657851954,412
112,114,111,100,117,99,116,99,117,114,114,101,110,116,108,121,97,118,97,105,108,97,98,108,101,0,0,0,0,0,0,0,0,0,0,0,0,0,0,0,0,0,0,0,0,0,0,0,0,0,0.015385747737274766,412
114,101,113,117,101,115,116,97,108,114,101,97,100,121,112,114,111,99,101,115,115,101,100,99,97,110,99,101,108,108,101,100,0,0,0,0,0,0,0,0,0,0,0,0,0,0,0,0,0,0,0.015352221429087456,412
114,101,115,101,114,118,97,116,105,111,110,102,111,117,110,100,0,0,0,0,0,0,0,0,0,0,0,0,0,0,0,0,0,0,0,0,0,0,0,0,0,0,0,0,0,0,0,0,0,0,0.015335032965403375,412
117,110,97,98,108,101,99,97,110,99,101,108,114,101,115,101,114,118,97,116,105,111,110,0,0,0,0,0,0,0,0,0,0,0,0,0,0,0,0,0,0,0,0,0,0,0,0,0,0,0,0.015310660488972021,412
117,110,97,98,108,101,99,97,110,99,101,108,114,101,115,101,114,118,97,116,105,111,110,117,110,107,110,111,119,110,101,114,114,111,114,111,99,99,117,114,114,101,100,112,108,101,97,115,101,99,0.015244882170520196,412
102,105,110,100,98,111,111,107,105,110,103,0,0,0,0,0,0,0,0,0,0,0,0,0,0,0,0,0,0,0,0,0,0,0,0,0,0,0,0,0,0,0,0,0,0,0,0,0,0,0,0.01523349372880019,412
102,105,110,100,114,101,115,101,114,118,97,116,105,111,110,0,0,0,0,0,0,0,0,0,0,0,0,0,0,0,0,0,0,0,0,0,0,0,0,0,0,0,0,0,0,0,0,0,0,0,0.015217554612738278,412
99,111,109,111,114,98,105,116,122,116,98,115,109,111,100,101,108,115,121,115,116,101,109,101,120,99,101,112,116,105,111,110,104,111,116,101,108,112,114,101,99,97,110,99,101,108,102,97,105,108,0.015162419657063898,412
99,111,109,111,114,98,105,116,122,116,98,115,115,112,105,116,120,110,99,97,110,99,101,108,115,112,105,112,114,111,100,117,99,116,112,114,101,99,97,110,99,101,108,99,114,105,116,101,114,105,0.015090844211066443,412
101,114,114,111,114,111,114,100,101,114,99,117,114,114,101,110,116,112,114,111,99,101,115,115,105,110,103,116,114,121,108,97,116,101,114,0,0,0,0,0,0,0,0,0,0,0,0,0,0,0,0.015053233329630938,412
101,114,114,111,114,111,114,100,101,114,108,105,110,101,110,111,116,102,111,117,110,100,0,0,0,0,0,0,0,0,0,0,0,0,0,0,0,0,0,0,0,0,0,0,0,0,0,0,0,0,0.015029852043337672,412
101,114,114,111,114,111,114,100,101,114,110,117,109,98,101,114,110,111,116,102,111,117,110,100,0,0,0,0,0,0,0,0,0,0,0,0,0,0,0,0,0,0,0,0,0,0,0,0,0,0,0.015004357233590452,412
102,111,114,111,114,100,101,114,110,117,109,111,114,100,101,114,103,117,105,100,112,97,115,115,101,100,0,0,0,0,0,0,0,0,0,0,0,0,0,0,0,0,0,0,0,0,0,0,0,0,0.014977128875779875,412
109,117,108,116,105,99,117,114,114,101,110,99,121,100,101,116,97,105,108,115,110,116,97,116,99,111,109,111,114,98,105,116,122,116,98,115,104,111,116,101,108,109,103,114,104,111,116,101,108,99,0.014554337621396568,412
109,121,115,116,105,113,117,101,99,97,110,99,101,108,108,97,116,105,111,110,0,0,0,0,0,0,0,0,0,0,0,0,0,0,0,0,0,0,0,0,0,0,0,0,0,0,0,0,0,0,0.014534640525335155,412
98,111,111,107,105,110,103,102,111,117,110,100,0,0,0,0,0,0,0,0,0,0,0,0,0,0,0,0,0,0,0,0,0,0,0,0,0,0,0,0,0,0,0,0,0,0,0,0,0,0,0.014523181405747916,412
102,111,117,110,100,0,0,0,0,0,0,0,0,0,0,0,0,0,0,0,0,0,0,0,0,0,0,0,0,0,0,0,0,0,0,0,0,0,0,0,0,0,0,0,0,0,0,0,0,0,0.014518350175521241,412
112,114,111,100,117,99,116,97,108,114,101,97,100,121,99,97,110,99,101,108,108,101,100,0,0,0,0,0,0,0,0,0,0,0,0,0,0,0,0,0,0,0,0,0,0,0,0,0,0,0,0.014496528060104402,412
112,114,111,100,117,99,116,108,111,99,97,116,111,114,99,111,100,101,0,0,0,0,0,0,0,0,0,0,0,0,0,0,0,0,0,0,0,0,0,0,0,0,0,0,0,0,0,0,0,0,0.014478995523359618,412
114,101,99,111,114,100,109,105,115,115,105,110,103,112,114,111,99,101,115,115,0,0,0,0,0,0,0,0,0,0,0,0,0,0,0,0,0,0,0,0,0,0,0,0,0,0,0,0,0,0,0.014459979961595138,412
114,101,115,101,114,118,97,116,105,111,110,102,111,117,110,100,0,0,0,0,0,0,0,0,0,0,0,0,0,0,0,0,0,0,0,0,0,0,0,0,0,0,0,0,0,0,0,0,0,0,0.014444444444444444,412
114,101,115,101,114,118,97,116,105,111,110,115,116,97,114,116,100,97,116,101,0,0,0,0,0,0,0,0,0,0,0,0,0,0,0,0,0,0,0,0,0,0,0,0,0,0,0,0,0,0,0.014424901576885784,412
114,111,111,109,102,111,117,110,100,0,0,0,0,0,0,0,0,0,0,0,0,0,0,0,0,0,0,0,0,0,0,0,0,0,0,0,0,0,0,0,0,0,0,0,0,0,0,0,0,0,0.014416226164198423,412
114,101,115,101,114,118,97,116,105,111,110,99,97,110,99,101,108,101,100,0,0,0,0,0,0,0,0,0,0,0,0,0,0,0,0,0,0,0,0,0,0,0,0,0,0,0,0,0,0,0,0.014398648312875814,412
99,97,110,99,101,108,100,97,116,101,112,97,115,115,101,100,0,0,0,0,0,0,0,0,0,0,0,0,0,0,0,0,0,0,0,0,0,0,0,0,0,0,0,0,0,0,0,0,0,0,0.016608052830020082,824
99,97,110,99,101,108,108,97,116,105,111,110,100,101,97,100,108,105,110,101,112,97,115,115,101,100,0,0,0,0,0,0,0,0,0,0,0,0,0,0,0,0,0,0,0,0,0,0,0,0,0.016580278782900342,824
99,97,110,99,101,108,108,97,116,105,111,110,100,101,97,100,108,105,110,101,112,97,115,115,101,100,0,0,0,0,0,0,0,0,0,0,0,0,0,0,0,0,0,0,0,0,0,0,0,0,0.01655235708622509,824
99,97,110,99,101,108,100,97,116,101,112,97,115,115,101,100,0,0,0,0,0,0,0,0,0,0,0,0,0,0,0,0,0,0,0,0,0,0,0,0,0,0,0,0,0,0,0,0,0,0,0.016535299779689143,824
104,111,116,101,108,112,114,101,99,97,110,99,101,108,102,97,105,108,101,100,0,0,0,0,0,0,0,0,0,0,0,0,0,0,0,0,0,0,0,0,0,0,0,0,0,0,0,0,0,0,0.016514176450408338,824
114,101,115,99,97,110,99,101,108,108,101,100,0,0,0,0,0,0,0,0,0,0,0,0,0,0,0,0,0,0,0,0,0,0,0,0,0,0,0,0,0,0,0,0,0,0,0,0,0,0,0.016501499103866966,824
114,101,115,99,97,110,99,101,108,108,101,100,0,0,0,0,0,0,0,0,0,0,0,0,0,0,0,0,0,0,0,0,0,0,0,0,0,0,0,0,0,0,0,0,0,0,0,0,0,0,0.016488761241530734,824
114,101,115,101,114,118,97,116,105,111,110,99,97,110,99,101,108,108,101,100,0,0,0,0,0,0,0,0,0,0,0,0,0,0,0,0,0,0,0,0,0,0,0,0,0,0,0,0,0,0,0.01646744356743514,824
114,101,115,101,114,118,97,116,105,111,110,99,97,110,99,101,108,108,101,100,111,110,108,105,110,101,0,0,0,0,0,0,0,0,0,0,0,0,0,0,0,0,0,0,0,0,0,0,0,0,0.01643998557843202,824
114,101,115,101,114,118,97,116,105,111,110,99,97,110,99,101,108,97,98,108,101,122,101,114,111,114,101,102,117,110,100,0,0,0,0,0,0,0,0,0,0,0,0,0,0,0,0,0,0,0,0.016407486933234607,824
108,97,116,101,99,97,110,99,101,108,114,101,115,101,114,118,97,116,105,111,110,0,0,0,0,0,0,0,0,0,0,0,0,0,0,0,0,0,0,0,0,0,0,0,0,0,0,0,0,0,0.016385646524046824,824
108,97,116,101,99,97,110,99,101,108,114,101,115,101,114,118,97,116,105,111,110,0,0,0,0,0,0,0,0,0,0,0,0,0,0,0,0,0,0,0,0,0,0,0,0,0,0,0,0,0,0.016363865872407016,824
108,97,116,101,99,97,110,99,101,108,114,101,115,101,114,118,97,116,105,111,110,100,101,97,100,108,105,110,101,100,97,116,101,112,97,115,115,101,100,0,0,0,0,0,0,0,0,0,0,0,0.016325195012984607,824
117,110,97,98,108,101,99,97,110,99,101,108,114,101,115,101,114,118,97,116,105,111,110,0,0,0,0,0,0,0,0,0,0,0,0,0,0,0,0,0,0,0,0,0,0,0,0,0,0,0,0.016301268945597656,824
117,110,97,98,108,101,99,97,110,99,101,108,114,101,115,101,114,118,97,116,105,111,110,112,108,101,97,115,101,99,111,110,116,97,99,116,99,117,115,116,111,109,101,114,115,101,114,118,105,99,0.016249349183521146,824
117,110,97,98,108,101,99,97,110,99,101,108,114,101,115,101,114,118,97,116,105,111,110,114,101,115,101,114,118,97,116,105,111,110,112,101,110,100,105,110,103,112,108,101,97,115,101,99,111,110,0.016180958922563805,824
117,110,97,98,108,101,99,97,110,99,101,108,114,101,115,101,114,118,97,116,105,111,110,114,101,115,101,114,118,97,116,105,111,110,109,97,110,117,97,108,108,121,98,111,111,107,101,100,112,108,0.016106812271490557,824
117,110,97,98,108,101,111,98,116,97,105,110,99,97,110,99,101,108,108,97,116,105,111,110,110,117,109,98,101,114,112,108,101,97,115,101,99,111,110,116,97,99,116,99,117,115,116,111,109,101,0.01604977681525885,824
98,111,111,107,105,110,103,99,97,110,99,101,108,108,101,100,111,110,108,105,110,101,0,0,0,0,0,0,0,0,0,0,0,0,0,0,0,0,0,0,0,0,0,0,0,0,0,0,0,0,0.016028118320149567,824
98,111,111,107,105,110,103,99,97,110,99,101,108,108,101,100,0,0,0,0,0,0,0,0,0,0,0,0,0,0,0,0,0,0,0,0,0,0,0,0,0,0,0,0,0,0,0,0,0,0,0.016012377559787627,824
99,97,110,99,97,110,99,101,108,0,0,0,0,0,0,0,0,0,0,0,0,0,0,0,0,0,0,0,0,0,0,0,0,0,0,0,0,0,0,0,0,0,0,0,0,0,0,0,0,0,0.01600373583089394,824
99,97,110,99,101,108,108,97,98,108,101,0,0,0,0,0,0,0,0,0,0,0,0,0,0,0,0,0,0,0,0,0,0,0,0,0,0,0,0,0,0,0,0,0,0,0,0,0,0,0,0.015992982121118087,824
99,97,110,99,101,108,108,101,100,0,0,0,0,0,0,0,0,0,0,0,0,0,0,0,0,0,0,0,0,0,0,0,0,0,0,0,0,0,0,0,0,0,0,0,0,0,0,0,0,0,0.01598433297965041,824
99,111,109,111,114,98,105,116,122,116,98,115,109,111,100,101,108,116,120,110,112,111,108,105,99,121,118,105,111,108,97,116,105,111,110,101,120,99,101,112,116,105,111,110,0,0,0,0,0,0,0.0159386931708698,824
99,111,109,111,114,98,105,116,122,119,115,104,111,116,101,108,99,97,110,99,101,108,115,101,114,118,105,99,101,104,111,116,101,108,99,97,110,99,101,108,115,101,114,118,105,99,101,105,109,112,0.015753486337975513,824
99,111,109,111,114,98,105,116,122,119,115,104,111,116,101,108,99,97,110,99,101,108,115,101,114,118,105,99,101,104,111,116,101,108,99,97,110,99,101,108,115,101,114,118,105,99,101,105,109,112,0.01565002140197225,824
99,111,109,111,114,98,105,116,122,119,115,116,98,115,114,101,115,101,114,118,97,116,105,111,110,115,101,114,118,105,99,101,115,117,112,112,111,114,116,98,117,105,108,100,112,114,101,99,97,110,0.01555085677613572,824
99,111,109,111,114,98,105,116,122,119,115,116,98,115,114,101,115,101,114,118,97,116,105,111,110,115,101,114,118,105,99,101,115,117,112,112,111,114,116,99,97,108,108,102,117,116,117,114,101,116,0.01547021034275149,824
100,101,97,100,108,105,110,101,100,97,116,101,112,97,115,115,101,100,0,0,0,0,0,0,0,0,0,0,0,0,0,0,0,0,0,0,0,0,0,0,0,0,0,0,0,0,0,0,0,0,0.01545377540235227,824
101,114,114,111,114,114,101,115,109,111,100,105,102,121,101,114,114,111,114,99,104,97,110,103,101,115,97,108,108,111,119,101,100,0,0,0,0,0,0,0,0,0,0,0,0,0,0,0,0,0,0.015422500198527103,824
101,114,114,111,114,98,108,111,99,107,115,112,97,99,101,0,0,0,0,0,0,0,0,0,0,0,0,0,0,0,0,0,0,0,0,0,0,0,0,0,0,0,0,0,0,0,0,0,0,0,0.015408304822527783,824
101,114,114,111,114,99,97,110,99,101,108,111,114,100,101,114,108,105,110,101,0,0,0,0,0,0,0,0,0,0,0,0,0,0,0,0,0,0,0,0,0,0,0,0,0,0,0,0,0,0,0.015389441818721575,824
101,114,114,111,114,110,111,110,114,101,102,117,110,100,97,98,108,101,98,111,111,107,105,110,103,114,101,115,101,114,118,97,116,105,111,110,110,111,110,114,101,102,117,110,100,97,98,108,101,0,0.015343407049502229,824
101,114,114,111,114,111,114,100,101,114,108,105,110,101,97,108,114,101,97,100,121,99,97,110,99,101,108,101,100,0,0,0,0,0,0,0,0,0,0,0,0,0,0,0,0,0,0,0,0,0,0.015316479423222758,824
109,117,108,116,105,112,108,101,110,111,116,115,117,112,112,111,114,116,101,100,0,0,0,0,0,0,0,0,0,0,0,0,0,0,0,0,0,0,0,0,0,0,0,0,0,0,0,0,0,0,0.015297151030322954,824
109,121,115,116,105,113,117,101,99,97,110,99,101,108,108,97,116,105,111,110,0,0,0,0,0,0,0,0,0,0,0,0,0,0,0,0,0,0,0,0,0,0,0,0,0,0,0,0,0,0,0.015278332943798703,824
114,101,102,117,110,100,0,0,0,0,0,0,0,0,0,0,0,0,0,0,0,0,0,0,0,0,0,0,0,0,0,0,0,0,0,0,0,0,0,0,0,0,0,0,0,0,0,0,0,0,0.015272800212436904,824
99,97,110,99,101,108,97,98,108,101,0,0,0,0,0,0,0,0,0,0,0,0,0,0,0,0,0,0,0,0,0,0,0,0,0,0,0,0,0,0,0,0,0,0,0,0,0,0,0,0,0.015264019654967391,824
99,97,110,99,101,108,108,97,98,108,101,0,0,0,0,0,0,0,0,0,0,0,0,0,0,0,0,0,0,0,0,0,0,0,0,0,0,0,0,0,0,0,0,0,0,0,0,0,0,0,0.0152543115665292,824
112,114,111,100,117,99,116,112,114,101,99,97,110,99,101,108,105,110,102,111,115,110,117,108,108,101,109,112,116,121,0,0,0,0,0,0,0,0,0,0,0,0,0,0,0,0,0,0,0,0,0.015226694950158298,824
114,101,102,101,114,101,110,99,101,105,116,105,110,101,114,97,114,121,110,117,109,98,101,114,113,117,101,115,116,105,111,110,115,114,101,103,97,114,100,105,110,103,115,116,97,116,117,115,114,101,0.01517467266210669,824
117,110,99,97,110,99,101,108,97,98,108,101,0,0,0,0,0,0,0,0,0,0,0,0,0,0,0,0,0,0,0,0,0,0,0,0,0,0,0,0,0,0,0,0,0,0,0,0,0,0,0.01516398639984479,824
117,110,99,97,110,99,101,108,108,97,98,108,101,0,0,0,0,0,0,0,0,0,0,0,0,0,0,0,0,0,0,0,0,0,0,0,0,0,0,0,0,0,0,0,0,0,0,0,0,0,0.015152390189422328,824
122,101,114,111,114,101,102,117,110,100,0,0,0,0,0,0,0,0,0,0,0,0,0,0,0,0,0,0,0,0,0,0,0,0,0,0,0,0,0,0,0,0,0,0,0,0,0,0,0,0,0.015143117298908814,824
117,102,111,114,109,97,116,101,114,114,111,114,111,112,116,105,111,110,97,108,102,105,101,108,100,110,111,116,112,114,111,99,101,115,115,101,100,98,117,115,105,110,101,115,115,108,111,103,105,99,0.017762380724533622,1648
97,100,100,114,101,115,115,99,97,116,101,103,111,114,121,101,120,104,111,109,101,119,111,114,107,101,116,99,114,101,113,117,105,114,101,100,0,0,0,0,0,0,0,0,0,0,0,0,0,0,0.017725300193611765,1648
99,99,97,99,99,111,117,110,116,110,97,109,101,101,114,114,111,114,0,0,0,0,0,0,0,0,0,0,0,0,0,0,0,0,0,0,0,0,0,0,0,0,0,0,0,0,0,0,0,0,0.01770668439113157,1648
99,99,110,97,109,101,101,114,114,111,114,0,0,0,0,0,0,0,0,0,0,0,0,0,0,0,0,0,0,0,0,0,0,0,0,0,0,0,0,0,0,0,0,0,0,0,0,0,0,0,0.01769531004973341,1648
99,115,118,102,97,105,108,0,0,0,0,0,0,0,0,0,0,0,0,0,0,0,0,0,0,0,0,0,0,0,0,0,0,0,0,0,0,0,0,0,0,0,0,0,0,0,0,0,0,0,0.017687939744629014,1648
99,114,101,100,105,116,99,97,114,100,101,114,114,111,114,0,0,0,0,0,0,0,0,0,0,0,0,0,0,0,0,0,0,0,0,0,0,0,0,0,0,0,0,0,0,0,0,0,0,0,0.017672338428615614,1648
99,114,101,100,105,116,99,97,114,100,116,121,112,101,105,110,118,97,108,105,100,0,0,0,0,0,0,0,0,0,0,0,0,0,0,0,0,0,0,0,0,0,0,0,0,0,0,0,0,0,0.017650752667028285,1648
99,114,101,100,105,116,99,97,114,100,116,121,112,101,97,99,99,101,112,116,101,100,112,114,111,112,101,114,116,121,0,0,0,0,0,0,0,0,0,0,0,0,0,0,0,0,0,0,0,0,0.01762006488516842,1648
104,111,110,111,114,112,105,99,107,117,112,109,101,115,115,97,103,101,0,0,0,0,0,0,0,0,0,0,0,0,0,0,0,0,0,0,0,0,0,0,0,0,0,0,0,0,0,0,0,0,0.017601646553572874,1648
104,111,116,101,108,98,111,111,107,105,110,103,101,114,114,111,114,99,97,114,100,102,97,105,108,117,114,101,112,114,111,99,101,115,115,105,110,103,112,114,111,98,108,101,109,99,97,114,100,112,0.017546105251937675,1648
105,110,118,97,108,105,100,99,114,101,100,105,116,99,97,114,100,100,97,116,97,112,114,111,118,105,100,101,100,112,108,101,97,115,101,114,101,118,105,101,119,99,111,114,114,101,99,116,0,0,0.017498892803443824,1648
112,97,121,109,101,110,116,102,97,105,108,117,114,101,0,0,0,0,0,0,0,0,0,0,0,0,0,0,0,0,0,0,0,0,0,0,0,0,0,0,0,0,0,0,0,0,0,0,0,0,0.01748427711223238,1648
112,97,121,109,101,110,116,102,97,105,108,117,114,101,104,97,112,112,101,110,101,100,0,0,0,0,0,0,0,0,0,0,0,0,0,0,0,0,0,0,0,0,0,0,0,0,0,0,0,0,0.017461823722075925,1648
112,104,111,110,101,99,97,116,101,103,111,114,121,101,120,104,111,109,101,119,111,114,107,101,116,99,114,101,113,117,105,114,101,100,0,0,0,0,0,0,0,0,0,0,0,0,0,0,0,0,0.017427993510112746,1648
112,108,101,97,115,101,112,114,111,118,105,100,101,118,97,108,105,100,99,114,101,100,105,116,99,97,114,100,100,101,116,97,105,108,115,105,110,118,97,108,105,100,99,114,101,100,105,116,99,97,0.017343091048487316,1648
112,108,101,97,115,101,112,114,111,118,105,100,101,118,97,108,105,100,99,114,101,100,105,116,99,97,114,100,100,101,116,97,105,108,115,105,110,118,97,108,105,100,99,114,101,100,105,116,99,97,0.017116352871316687,1648
112,108,101,97,115,101,112,114,111,118,105,100,101,118,97,108,105,100,99,114,101,100,105,116,99,97,114,100,100,101,116,97,105,108,115,105,110,118,97,108,105,100,99,114,101,100,105,116,99,97,0.016716534711067828,1648
112,111,115,116,97,108,99,111,100,101,112,114,111,118,105,100,101,100,115,112,101,99,105,102,105,101,100,99,111,117,110,116,114,121,0,0,0,0,0,0,0,0,0,0,0,0,0,0,0,0,0.01668559439573716,1648
115,116,97,116,101,112,114,111,118,105,110,99,101,114,101,113,117,105,114,101,100,115,112,101,99,105,102,105,101,100,99,111,117,110,116,114,121,0,0,0,0,0,0,0,0,0,0,0,0,0,0.016651585729094226,1648
99,97,114,100,115,101,99,117,114,105,116,121,99,111,100,101,101,110,116,101,114,101,100,118,97,108,105,100,97,116,101,99,114,101,100,105,116,99,97,114,100,112,108,101,97,115,101,99,111,114,0.016599864949471122,1648
99,97,114,100,116,121,112,101,112,114,111,118,105,100,101,100,97,99,99,101,112,116,101,100,112,114,111,112,101,114,116,121,99,114,101,100,105,116,99,97,114,100,117,115,101,100,108,105,115,116,0.016496702939002558,1648
99,114,101,100,105,116,99,97,114,100,116,121,112,101,105,110,118,97,108,105,100,112,108,101,97,115,101,99,111,114,114,101,99,116,105,110,102,111,114,109,97,116,105,111,110,116,114,121,0,0,0.016455596675249592,1648
115,112,101,99,105,102,105,101,100,99,114,101,100,105,116,99,97,114,100,101,120,112,105,114,97,116,105,111,110,100,97,116,101,105,110,118,97,108,105,100,0,0,0,0,0,0,0,0,0,0,0.016421142274128872,1648
115,112,101,99,105,102,105,101,100,99,114,101,100,105,116,99,97,114,100,101,120,112,105,114,97,116,105,111,110,100,97,116,101,105,110,118,97,108,105,100,112,108,101,97,115,101,99,111,114,114,0.016364910866991187,1648
115,112,101,99,105,102,105,101,100,99,114,101,100,105,116,99,97,114,100,110,117,109,98,101,114,105,110,118,97,108,105,100,112,108,101,97,115,101,99,104,101,99,107,110,117,109,98,101,114,112,0.016315874396461906,1648
114,101,113,117,101,115,116,99,97,110,112,114,111,99,101,115,115,101,100,112,108,101,97,115,101,118,101,114,105,102,121,98,105,108,108,105,110,103,97,100,100,114,101,115,115,99,111,114,114,101,0.016271111569589533,1648
114,101,115,101,114,118,97,116,105,111,110,99,97,110,112,114,111,99,101,115,115,101,100,118,101,114,105,102,121,110,117,109,98,101,114,99,114,101,100,105,116,99,97,114,100,101,120,112,105,114,0.01621685696392314,1648
114,101,115,101,114,118,97,116,105,111,110,99,97,110,112,114,111,99,101,115,115,101,100,118,101,114,105,102,121,110,117,109,98,101,114,99,114,101,100,105,116,99,97,114,100,99,111,114,114,101,0.016173041954406317,1648
115,111,114,114,121,117,110,97,98,108,101,112,114,111,99,101,115,115,114,101,113,117,101,115,116,99,97,114,100,110,117,109,98,101,114,101,110,116,101,114,101,100,109,97,121,99,111,114,114,101,0.01606820382632364,1648
115,111,114,114,121,115,121,115,116,101,109,99,97,110,97,117,116,104,101,110,116,105,99,97,116,101,105,110,102,111,114,109,97,116,105,111,110,112,114,111,118,105,100,101,100,105,110,102,111,114,0.01597892928445466,1648
115,111,114,114,121,115,121,115,116,101,109,99,97,110,97,117,116,104,101,110,116,105,99,97,116,101,105,110,102,111,114,109,97,116,105,111,110,112,114,111,118,105,100,101,100,105,110,102,111,114,0.015890821811794836,1648
115,111,114,114,121,115,121,115,116,101,109,99,97,110,97,117,116,104,101,110,116,105,99,97,116,101,105,110,102,111,114,109,97,116,105,111,110,112,114,111,118,105,100,101,100,105,110,102,111,114,0.015779263706609734,1648
115,111,114,114,121,117,110,97,98,108,101,112,114,111,99,101,115,115,114,101,113,117,101,115,116,112,108,101,97,115,101,118,101,114,105,102,121,98,105,108,108,105,110,103,97,100,100,114,101,115,0.015734797840555623,1648
115,111,114,114,121,117,110,97,98,108,101,112,114,111,99,101,115,115,114,101,113,117,101,115,116,112,108,101,97,115,101,118,101,114,105,102,121,99,114,101,100,105,116,99,97,114,100,110,117,109,0.015681301173994515,1648
115,111,114,114,121,117,110,97,98,108,101,112,114,111,99,101,115,115,114,101,113,117,101,115,116,99,97,114,100,110,117,109,98,101,114,101,110,116,101,114,101,100,109,97,121,99,111,114,114,101,0.01562714329946896,1648
115,111,114,114,121,117,110,97,98,108,101,112,114,111,99,101,115,115,114,101,113,117,101,115,116,101,120,112,105,114,97,116,105,111,110,100,97,116,101,101,110,116,101,114,101,100,109,97,121,99,0.015566732556224141,1648
117,105,110,118,97,108,105,100,99,97,114,100,110,117,109,98,101,114,117,110,111,116,112,114,111,99,101,115,115,101,100,98,117,115,105,110,101,115,115,108,111,103,105,99,101,114,114,115,119,115,0.015511202828765554,1648
117,105,110,118,108,100,117,99,114,101,100,105,116,99,97,114,100,116,121,112,101,97,99,99,101,112,116,101,100,112,114,111,112,110,111,116,112,114,111,99,101,115,115,101,100,98,117,115,105,110,0.015446746560363897,1648
117,110,114,117,114,109,115,110,111,116,112,114,111,99,101,115,115,101,100,98,117,115,105,110,101,115,115,108,111,103,105,99,101,114,114,115,119,115,104,111,115,116,101,114,114,111,114,105,110,114,0.015400922816098537,1648
99,111,109,111,114,98,105,116,122,116,98,115,104,111,115,116,116,120,110,111,109,112,100,101,102,97,117,108,116,111,109,112,112,114,111,99,101,115,115,111,114,99,104,101,99,107,102,97,105,108,0.015197476335324167,1648
99,111,109,111,114,98,105,116,122,116,98,115,104,111,115,116,116,120,110,111,109,112,100,101,102,97,117,108,116,111,109,112,112,114,111,99,101,115,115,111,114,99,104,101,99,107,102,97,105,108,0.015001430537709488,1648
99,111,109,111,114,98,105,116,122,116,98,115,104,111,115,116,116,120,110,111,109,112,100,101,102,97,117,108,116,111,109,112,112,114,111,99,101,115,115,111,114,99,104,101,99,107,102,97,105,108,0.01480817437512065,1648
99,111,109,111,114,98,105,116,122,116,98,115,109,111,100,101,108,116,120,110,112,97,121,109,101,110,116,101,120,99,101,112,116,105,111,110,98,97,100,97,117,116,104,99,97,117,115,105,110,103,0.014746344316630923,1648
101,114,114,111,114,97,100,100,114,101,115,115,99,97,116,101,103,111,114,121,99,111,100,101,118,97,108,117,101,105,110,118,97,108,105,100,0,0,0,0,0,0,0,0,0,0,0,0,0,0,0.014720325066241451,1648
101,114,114,111,114,99,114,101,100,105,116,99,97,114,100,100,101,99,108,105,110,101,100,116,110,111,119,101,114,114,111,114,97,116,116,114,99,99,116,114,97,110,115,97,99,116,105,111,110,115,0.014617176662827847,1648
101,114,114,111,114,99,114,101,100,105,116,99,97,114,100,100,101,99,108,105,110,101,100,105,110,118,97,108,105,100,98,105,108,108,105,110,103,97,100,100,114,101,115,115,105,110,116,101,114,110,0.014477718977978962,1648
101,114,114,111,114,99,114,101,100,105,116,99,97,114,100,100,101,99,108,105,110,101,100,105,110,118,97,108,105,100,101,120,112,105,114,97,116,105,111,110,100,97,116,101,105,110,116,101,114,110,0.01436251117535732,1648
101,114,114,111,114,99,114,101,100,105,116,99,97,114,100,100,101,99,108,105,110,101,100,105,110,118,97,108,105,100,111,114,109,105,115,115,105,110,103,110,117,109,98,101,114,105,110,116,101,114,0.014247986502713677,1648
101,114,114,111,114,99,114,101,100,105,116,99,97,114,100,100,101,99,108,105,110,101,100,105,110,118,97,108,105,100,112,97,121,109,101,110,116,100,101,116,97,105,108,115,105,110,116,101,114,110,0.014124709343918233,1648
101,114,114,111,114,99,114,101,100,105,116,99,97,114,100,100,101,99,108,105,110,101,100,105,110,116,101,114,110,97,108,97,112,112,108,105,99,97,116,105,111,110,101,114,114,111,114,109,101,115,0.014032181981787174,1648
101,114,114,111,114,109,105,115,109,97,116,99,104,108,97,115,116,100,105,103,105,116,115,99,114,101,100,105,116,99,97,114,100,0,0,0,0,0,0,0,0,0,0,0,0,0,0,0,0,0,0.014010602006441471,1648
101,114,114,111,114,112,104,111,110,101,99,97,116,101,103,111,114,121,99,111,100,101,118,97,108,117,101,105,110,118,97,108,105,100,0,0,0,0,0,0,0,0,0,0,0,0,0,0,0,0,0.013988383059171211,1648
101,114,114,111,114,112,111,115,116,97,108,99,111,100,101,114,101,113,117,105,114,101,100,102,111,114,99,111,117,110,116,114,121,0,0,0,0,0,0,0,0,0,0,0,0,0,0,0,0,0,0.013966507185338248,1648
101,114,114,111,114,112,114,111,118,105,110,99,101,114,101,113,117,105,114,101,100,102,111,114,99,111,117,110,116,114,121,0,0,0,0,0,0,0,0,0,0,0,0,0,0,0,0,0,0,0,0.013945908027789068,1648
101,114,114,111,114,115,114,101,115,105,110,102,111,99,99,105,110,118,97,108,105,100,99,97,114,100,110,117,109,98,101,114,0,0,0,0,0,0,0,0,0,0,0,0,0,0,0,0,0,0,0.013925230976232864,1648
101,114,114,111,114,115,114,101,115,105,110,102,111,99,99,105,110,118,97,108,105,100,101,120,112,105,114,97,116,105,111,110,100,97,116,101,0,0,0,0,0,0,0,0,0,0,0,0,0,0,0.01390193663082041,1648
101,114,114,111,114,115,114,101,115,105,110,102,111,99,99,105,110,118,97,108,105,100,112,97,121,109,101,110,116,100,101,116,97,105,108,115,0,0,0,0,0,0,0,0,0,0,0,0,0,0,0.013878702136228436,1648
101,114,114,111,114,115,115,117,112,112,108,105,101,114,99,115,118,109,115,116,101,114,114,116,114,97,118,99,99,99,105,100,110,111,116,109,97,116,99,104,101,100,0,0,0,0,0,0,0,0,0.013851498774797757,1648
109,121,115,116,105,113,117,101,98,111,111,107,105,110,103,0,0,0,0,0,0,0,0,0,0,0,0,0,0,0,0,0,0,0,0,0,0,0,0,0,0,0,0,0,0,0,0,0,0,0,0.013841717770304558,1648
114,101,109,111,118,101,99,97,114,100,117,115,101,114,0,0,0,0,0,0,0,0,0,0,0,0,0,0,0,0,0,0,0,0,0,0,0,0,0,0,0,0,0,0,0,0,0,0,0,0,0.017962211589826766,3296
99,114,101,100,105,116,99,97,114,100,100,101,99,108,105,110,101,0,0,0,0,0,0,0,0,0,0,0,0,0,0,0,0,0,0,0,0,0,0,0,0,0,0,0,0,0,0,0,0,0,0.017948733584698232,3296
99,114,101,100,105,116,99,97,114,100,116,114,97,110,115,97,99,116,105,111,110,100,101,99,108,105,110,101,100,99,99,99,108,101,97,114,105,110,103,104,111,117,115,101,0,0,0,0,0,0,0.017914361953351145,3296
99,114,101,100,105,116,99,97,114,100,116,114,97,110,115,97,99,116,105,111,110,100,101,99,108,105,110,101,100,99,114,101,100,105,116,99,97,114,100,99,108,101,97,114,105,110,103,104,111,117,0.01787409604528229,3296
101,120,99,101,112,116,105,111,110,99,114,101,100,105,116,99,97,114,100,116,114,97,110,115,97,99,116,105,111,110,100,101,99,108,105,110,101,100,99,99,99,108,101,97,114,105,110,103,104,111,0.017816290090259014,3296
101,120,99,101,112,116,105,111,110,99,114,101,100,105,116,99,97,114,100,116,114,97,110,115,97,99,116,105,111,110,114,101,102,101,114,114,97,108,99,97,108,108,99,99,99,108,101,97,114,105,0.017755557895881176,3296
104,111,108,100,99,97,114,100,0,0,0,0,0,0,0,0,0,0,0,0,0,0,0,0,0,0,0,0,0,0,0,0,0,0,0,0,0,0,0,0,0,0,0,0,0,0,0,0,0,0,0.01774927929545639,3296
105,110,116,101,114,110,97,108,97,112,112,108,105,99,97,116,105,111,110,101,114,114,111,114,109,101,115,115,97,103,101,114,101,102,101,114,101,110,99,101,105,100,117,110,107,110,111,119,110,109,0.017650932317789216,3296
109,101,115,115,97,103,101,114,101,102,101,114,101,110,99,101,105,100,117,110,107,110,111,119,110,109,101,115,115,97,103,101,114,101,102,101,114,101,110,99,101,105,100,101,120,99,101,112,116,105,0.017593465984869074,3296
112,97,121,109,101,110,116,102,97,105,108,117,114,101,0,0,0,0,0,0,0,0,0,0,0,0,0,0,0,0,0,0,0,0,0,0,0,0,0,0,0,0,0,0,0,0,0,0,0,0,0.017582296065698944,3296
112,97,121,109,101,110,116,102,97,105,108,117,114,101,104,97,112,112,101,110,101,100,0,0,0,0,0,0,0,0,0,0,0,0,0,0,0,0,0,0,0,0,0,0,0,0,0,0,0,0,0.017565126552529894,3296
112,97,121,109,101,110,116,102,97,105,108,117,114,101,104,97,112,112,101,110,101,100,112,97,121,109,101,110,116,102,97,105,108,117,114,101,99,111,109,111,114,98,105,116,122,116,98,115,109,111,0.017481264164208265,3296
112,97,121,109,101,110,116,102,97,105,108,117,114,101,104,97,112,112,101,110,101,100,112,97,121,109,101,110,116,102,97,105,108,117,114,101,99,111,109,111,114,98,105,116,122,116,98,115,109,111,0.017395259745849583,3296
112,97,121,109,101,110,116,102,97,105,108,117,114,101,104,97,112,112,101,110,101,100,112,97,121,109,101,110,116,102,97,105,108,117,114,101,99,111,109,111,114,98,105,116,122,116,98,115,109,111,0.017303256236007734,3296
112,97,121,109,101,110,116,102,97,105,108,117,114,101,104,97,112,112,101,110,101,100,112,97,121,109,101,110,116,102,97,105,108,117,114,101,99,111,109,111,114,98,105,116,122,116,98,115,109,111,0.017210630540595562,3296
114,101,102,101,114,114,101,100,0,0,0,0,0,0,0,0,0,0,0,0,0,0,0,0,0,0,0,0,0,0,0,0,0,0,0,0,0,0,0,0,0,0,0,0,0,0,0,0,0,0,0.017204637360360344,3296
114,101,115,101,114,118,97,116,105,111,110,99,97,110,112,114,111,99,101,115,115,101,100,99,114,101,100,105,116,99,97,114,100,100,101,99,108,105,110,101,100,99,99,99,108,101,97,114,105,110,0.017166967427591807,3296
115,111,114,114,121,117,110,97,98,108,101,112,114,111,99,101,115,115,114,101,113,117,101,115,116,109,97,121,116,101,109,112,111,114,97,114,105,108,121,101,120,99,101,101,100,101,100,99,114,101,0.017062861992599487,3296
115,111,114,114,121,117,110,97,98,108,101,112,114,111,99,101,115,115,114,101,113,117,101,115,116,109,97,121,116,101,109,112,111,114,97,114,105,108,121,101,120,99,101,101,100,101,100,99,114,101,0.017005542827641055,3296
97,99,99,111,117,110,116,98,97,108,97,110,99,101,0,0,0,0,0,0,0,0,0,0,0,0,0,0,0,0,0,0,0,0,0,0,0,0,0,0,0,0,0,0,0,0,0,0,0,0,0.016995539014773214,3296
97,112,112,108,105,99,97,116,105,111,110,101,114,114,111,114,109,101,115,115,97,103,101,114,101,102,101,114,101,110,99,101,105,100,117,110,107,110,111,119,110,109,101,115,115,97,103,101,114,101,0.016952385649876126,3296
99,111,109,111,114,98,105,116,122,116,98,115,104,111,115,116,116,120,110,111,109,112,100,101,102,97,117,108,116,111,109,112,112,114,111,99,101,115,115,111,114,99,104,101,99,107,102,97,105,108,0.016763021678678398,3296
99,111,109,111,114,98,105,116,122,116,98,115,104,111,115,116,116,120,110,111,109,112,100,101,102,97,117,108,116,111,109,112,112,114,111,99,101,115,115,111,114,99,104,101,99,107,102,97,105,108,0.016533618796402538,3296
99,111,109,111,114,98,105,116,122,116,98,115,104,111,115,116,116,120,110,111,109,112,100,101,102,97,117,108,116,111,109,112,112,114,111,99,101,115,115,111,114,99,104,101,99,107,102,97,105,108,0.0162845685872926,3296
99,99,99,108,101,97,114,105,110,103,104,111,117,115,101,99,111,109,109,111,110,101,114,114,111,114,115,109,115,116,101,114,114,111,114,0,0,0,0,0,0,0,0,0,0,0,0,0,0,0,0.01626110893317404,3296
99,111,109,111,114,98,105,116,122,116,98,115,109,111,100,101,108,116,120,110,112,97,121,109,101,110,116,101,120,99,101,112,116,105,111,110,98,97,100,97,117,116,104,99,97,117,115,105,110,103,0.016204030034007326,3296
104,111,110,111,114,0,0,0,0,0,0,0,0,0,0,0,0,0,0,0,0,0,0,0,0,0,0,0,0,0,0,0,0,0,0,0,0,0,0,0,0,0,0,0,0,0,0,0,0,0,0.01620068788202792,3296
101,114,114,111,114,109,101,115,115,97,103,101,114,101,102,101,114,101,110,99,101,105,100,117,110,107,110,111,119,110,109,101,115,115,97,103,101,114,101,102,101,114,101,110,99,101,105,100,101,120,0.01614499841018957,3296
101,114,114,111,114,99,114,101,100,105,116,99,97,114,100,100,101,99,108,105,110,101,100,101,120,99,101,101,100,101,100,99,97,114,100,108,105,109,105,116,105,110,116,101,114,110,97,108,97,112,0.01603689644758923,3296
101,114,114,111,114,99,114,101,100,105,116,99,97,114,100,100,101,99,108,105,110,101,100,105,110,116,101,114,110,97,108,97,112,112,108,105,99,97,116,105,111,110,101,114,114,111,114,109,101,115,0.015937212852653503,3296
101,114,114,111,114,99,114,101,100,105,116,99,97,114,100,100,101,99,108,105,110,101,100,105,110,116,101,114,110,97,108,97,112,112,108,105,99,97,116,105,111,110,101,114,114,111,114,109,101,115,0.015852268949216885,3296
101,114,114,111,114,99,114,101,100,105,116,99,97,114,100,100,101,99,108,105,110,101,100,105,110,116,101,114,110,97,108,97,112,112,108,105,99,97,116,105,111,110,101,114,114,111,114,109,101,115,0.015763007843019414,3296
101,114,114,111,114,99,114,101,100,105,116,99,97,114,100,100,101,99,108,105,110,101,100,105,110,116,101,114,110,97,108,97,112,112,108,105,99,97,116,105,111,110,101,114,114,111,114,109,101,115,0.01566716774316613,3296
101,114,114,111,114,99,114,101,100,105,116,99,97,114,100,100,101,99,108,105,110,101,100,105,110,116,101,114,110,97,108,97,112,112,108,105,99,97,116,105,111,110,101,114,114,111,114,109,101,115,0.015572433390958531,3296
101,114,114,111,114,99,114,101,100,105,116,99,97,114,100,100,101,99,108,105,110,101,100,105,110,116,101,114,110,97,108,97,112,112,108,105,99,97,116,105,111,110,101,114,114,111,114,109,101,115,0.01548741119732714,3296
101,120,112,105,114,101,100,99,97,114,100,0,0,0,0,0,0,0,0,0,0,0,0,0,0,0,0,0,0,0,0,0,0,0,0,0,0,0,0,0,0,0,0,0,0,0,0,0,0,0,0.015480816781706604,3296
104,111,108,100,99,97,114,100,0,0,0,0,0,0,0,0,0,0,0,0,0,0,0,0,0,0,0,0,0,0,0,0,0,0,0,0,0,0,0,0,0,0,0,0,0,0,0,0,0,0,0.015476110599078342,3296
104,111,108,100,99,97,114,100,0,0,0,0,0,0,0,0,0,0,0,0,0,0,0,0,0,0,0,0,0,0,0,0,0,0,0,0,0,0,0,0,0,0,0,0,0,0,0,0,0,0,0.015471359394515898,3296
109,121,115,116,105,113,117,101,98,111,111,107,105,110,103,0,0,0,0,0,0,0,0,0,0,0,0,0,0,0,0,0,0,0,0,0,0,0,0,0,0,0,0,0,0,0,0,0,0,0,0.015462002412545237,3296
114,101,102,117,115,101,100,0,0,0,0,0,0,0,0,0,0,0,0,0,0,0,0,0,0,0,0,0,0,0,0,0,0,0,0,0,0,0,0,0,0,0,0,0,0,0,0,0,0,0,0.015457732281434978,3296
112,97,121,109,101,110,116,102,97,105,108,117,114,101,104,97,112,112,101,110,101,100,117,110,115,117,99,99,101,115,115,102,117,108,112,97,121,109,101,110,116,0,0,0,0,0,0,0,0,0,0.01879182898903113,6592
112,97,121,109,101,110,116,102,97,105,108,117,114,101,104,97,112,112,101,110,101,100,99,111,109,111,114,98,105,116,122,116,98,115,109,111,100,101,108,115,121,115,116,101,109,101,120,99,101,112,0.018480929217292,6592
112,97,121,109,101,110,116,102,97,105,108,117,114,101,104,97,112,112,101,110,101,100,99,111,109,111,114,98,105,116,122,116,98,115,109,111,100,101,108,116,120,110,112,97,121,109,101,110,116,101,0.018223844100187306,6592
115,111,114,114,121,115,121,115,116,101,109,99,97,110,97,117,116,104,101,110,116,105,99,97,116,101,105,110,102,111,114,109,97,116,105,111,110,112,114,111,118,105,100,101,100,105,110,102,111,114,0.018150463404617803,6592
101,114,114,111,114,102,114,97,117,100,0,0,0,0,0,0,0,0,0,0,0,0,0,0,0,0,0,0,0,0,0,0,0,0,0,0,0,0,0,0,0,0,0,0,0,0,0,0,0,0,0.018143488559896146,6592
101,114,114,111,114,102,114,97,117,100,97,101,103,105,115,0,0,0,0,0,0,0,0,0,0,0,0,0,0,0,0,0,0,0,0,0,0,0,0,0,0,0,0,0,0,0,0,0,0,0,0.01813317125313245,6592
101,114,114,111,114,102,114,97,117,100,97,101,103,105,115,99,111,110,110,101,99,116,105,111,110,102,97,105,108,117,114,101,0,0,0,0,0,0,0,0,0,0,0,0,0,0,0,0,0,0,0.018111219395504145,6592
101,114,114,111,114,102,114,97,117,100,97,101,103,105,115,116,105,109,101,111,117,116,0,0,0,0,0,0,0,0,0,0,0,0,0,0,0,0,0,0,0,0,0,0,0,0,0,0,0,0,0.01809597874603291,6592
101,114,114,111,114,102,114,97,117,100,100,98,0,0,0,0,0,0,0,0,0,0,0,0,0,0,0,0,0,0,0,0,0,0,0,0,0,0,0,0,0,0,0,0,0,0,0,0,0,0,0.018087779911604443,6592
101,114,114,111,114,102,114,97,117,100,105,110,118,97,108,105,100,114,101,113,117,101,115,116,0,0,0,0,0,0,0,0,0,0,0,0,0,0,0,0,0,0,0,0,0,0,0,0,0,0,0.018071149279100952,6592
101,114,114,111,114,102,114,97,117,100,108,111,100,103,105,110,103,0,0,0,0,0,0,0,0,0,0,0,0,0,0,0,0,0,0,0,0,0,0,0,0,0,0,0,0,0,0,0,0,0,0.018059518373793482,6592
101,114,114,111,114,102,114,97,117,100,108,111,100,103,105,110,103,99,111,110,110,101,99,116,105,111,110,102,97,105,108,117,114,101,0,0,0,0,0,0,0,0,0,0,0,0,0,0,0,0,0.01803635226961167,6592
101,114,114,111,114,102,114,97,117,100,108,111,100,103,105,110,103,116,105,109,101,111,117,116,0,0,0,0,0,0,0,0,0,0,0,0,0,0,0,0,0,0,0,0,0,0,0,0,0,0,0.01801984775128414,6592
101,114,114,111,114,102,114,97,117,100,112,97,121,109,101,110,116,0,0,0,0,0,0,0,0,0,0,0,0,0,0,0,0,0,0,0,0,0,0,0,0,0,0,0,0,0,0,0,0,0,0.018008118023793214,6592
101,114,114,111,114,102,114,97,117,100,112,97,121,109,101,110,116,99,111,110,110,101,99,116,105,111,110,102,97,105,108,117,114,101,0,0,0,0,0,0,0,0,0,0,0,0,0,0,0,0,0.017984919196679102,6592
101,114,114,111,114,102,114,97,117,100,112,97,121,109,101,110,116,116,105,109,101,111,117,116,0,0,0,0,0,0,0,0,0,0,0,0,0,0,0,0,0,0,0,0,0,0,0,0,0,0,0.01796834461350067,6592
101,114,114,111,114,102,114,97,117,100,112,97,121,109,101,110,116,118,97,117,108,116,0,0,0,0,0,0,0,0,0,0,0,0,0,0,0,0,0,0,0,0,0,0,0,0,0,0,0,0,0.017953179634400275,6592
101,114,114,111,114,102,114,97,117,100,112,97,121,109,101,110,116,118,97,117,108,116,99,111,110,110,101,99,116,105,111,110,102,97,105,108,117,114,101,0,0,0,0,0,0,0,0,0,0,0,0.017926630215867656,6592
101,114,114,111,114,102,114,97,117,100,112,97,121,109,101,110,116,118,97,117,108,116,116,105,109,101,111,117,116,0,0,0,0,0,0,0,0,0,0,0,0,0,0,0,0,0,0,0,0,0,0.017906678781640425,6592
101,114,114,111,114,102,114,97,117,100,117,115,101,114,0,0,0,0,0,0,0,0,0,0,0,0,0,0,0,0,0,0,0,0,0,0,0,0,0,0,0,0,0,0,0,0,0,0,0,0,0.017897092074628754,6592
101,114,114,111,114,102,114,97,117,100,117,115,101,114,99,111,110,110,101,99,116,105,111,110,102,97,105,108,117,114,101,0,0,0,0,0,0,0,0,0,0,0,0,0,0,0,0,0,0,0,0.01787616977564827,6592
101,114,114,111,114,102,114,97,117,100,117,115,101,114,116,105,109,101,111,117,116,0,0,0,0,0,0,0,0,0,0,0,0,0,0,0,0,0,0,0,0,0,0,0,0,0,0,0,0,0,0.01786178326943782,6592
101,114,114,111,114,112,97,121,109,101,110,116,0,0,0,0,0,0,0,0,0,0,0,0,0,0,0,0,0,0,0,0,0,0,0,0,0,0,0,0,0,0,0,0,0,0,0,0,0,0,0.017853558565236727,6592
101,114,114,111,114,112,97,121,109,101,110,116,99,111,110,110,101,99,116,105,111,110,102,97,105,108,117,114,101,0,0,0,0,0,0,0,0,0,0,0,0,0,0,0,0,0,0,0,0,0,0.017834049001833222,6592
101,114,114,111,114,112,97,121,109,101,110,116,112,112,115,116,105,109,101,111,117,116,0,0,0,0,0,0,0,0,0,0,0,0,0,0,0,0,0,0,0,0,0,0,0,0,0,0,0,0,0.01781893605872758,6592
101,114,114,111,114,112,97,121,109,101,110,116,105,110,118,97,108,105,100,120,109,108,0,0,0,0,0,0,0,0,0,0,0,0,0,0,0,0,0,0,0,0,0,0,0,0,0,0,0,0,0.017804059283842006,6592
101,114,114,111,114,112,97,121,109,101,110,116,118,97,117,108,116,0,0,0,0,0,0,0,0,0,0,0,0,0,0,0,0,0,0,0,0,0,0,0,0,0,0,0,0,0,0,0,0,0,0.017792447891046163,6592
101,114,114,111,114,112,97,121,109,101,110,116,118,97,117,108,116,97,99,99,101,115,115,117,110,107,110,111,119,110,101,114,114,0,0,0,0,0,0,0,0,0,0,0,0,0,0,0,0,0,0.01777011571675782,6592
101,114,114,111,114,112,114,111,99,101,115,115,102,97,105,108,0,0,0,0,0,0,0,0,0,0,0,0,0,0,0,0,0,0,0,0,0,0,0,0,0,0,0,0,0,0,0,0,0,0,0.017759429731191805,6592
109,121,115,116,105,113,117,101,98,111,111,107,105,110,103,0,0,0,0,0,0,0,0,0,0,0,0,0,0,0,0,0,0,0,0,0,0,0,0,0,0,0,0,0,0,0,0,0,0,0,0.017749316718403362,6592
