ByteRange0,ByteRange1,ByteRange2,ByteRange3,ByteRange4,ByteRange5,ByteRange6,ByteRange7,ByteRange8,ByteRange9,ByteRange10,ByteRange11,ByteRange12,ByteRange13,ByteRange14,ByteRange15,ByteRange16,ByteRange17,ByteRange18,ByteRange19,AggregateByteValue,BloomFilter,LabelName
112,97,121,109,101,110,116,102,97,105,108,117,114,101,104,97,112,112,101,110,35269.230769230766,977143910887675886,credit_service_error
112,97,121,109,101,110,116,102,97,105,108,117,114,101,104,97,112,112,101,110,462123.0769230769,-1,credit_service_error
112,97,121,109,101,110,116,102,97,105,108,117,114,101,104,97,112,112,101,110,398576.92307692306,-1,credit_service_error
115,111,114,114,121,115,121,115,116,101,109,99,97,110,97,117,116,104,101,110,104600,-36028801313931266,credit_service_error
101,114,114,111,114,102,114,97,117,100,0,0,0,0,0,0,0,0,0,0,8684.615384615385,129513691979718657,credit_service_error
101,114,114,111,114,102,114,97,117,100,97,101,103,105,115,0,0,0,0,0,13153.846153846154,129953496632926209,credit_service_error
101,114,114,111,114,102,114,97,117,100,97,101,103,105,115,99,111,110,110,101,30130.76923076923,427202138156967177,credit_service_error
101,114,114,111,114,102,114,97,117,100,97,101,103,105,115,116,105,109,101,111,20084.615384615383,4885763499380187265,credit_service_error
101,114,114,111,114,102,114,97,117,100,100,98,0,0,0,0,0,0,0,0,10369.23076923077,417761660317475073,credit_service_error
101,114,114,111,114,102,114,97,117,100,105,110,118,97,108,105,100,114,101,113,22153.846153846152,1296105459198992481,credit_service_error
101,114,114,111,114,102,114,97,117,100,108,111,100,103,105,110,103,0,0,0,15076.923076923076,2435374293782116481,credit_service_error
101,114,114,111,114,102,114,97,117,100,108,111,100,103,105,110,103,99,111,110,32315.384615384613,4313943786444044485,credit_service_error
101,114,114,111,114,102,114,97,117,100,108,111,100,103,105,110,103,116,105,109,22115.384615384613,2435379241617996193,credit_service_error
101,114,114,111,114,102,114,97,117,100,112,97,121,109,101,110,116,0,0,0,15276.923076923076,1426568114287419457,credit_service_error
101,114,114,111,114,102,114,97,117,100,112,97,121,109,101,110,116,99,111,110,32515.384615384613,1426571700601894987,credit_service_error
101,114,114,111,114,102,114,97,117,100,112,97,121,109,101,110,116,116,105,109,22315.384615384613,1426850689312661573,credit_service_error
101,114,114,111,114,102,114,97,117,100,112,97,121,109,101,110,116,118,97,117,20284.615384615383,1431071718243381313,credit_service_error
101,114,114,111,114,102,114,97,117,100,112,97,121,109,101,110,116,118,97,117,38176.92307692308,6043685793206990417,credit_service_error
101,114,114,111,114,102,114,97,117,100,112,97,121,109,101,110,116,118,97,117,27592.30769230769,-7792014434850738111,credit_service_error
101,114,114,111,114,102,114,97,117,100,117,115,101,114,0,0,0,0,0,0,12476.923076923076,-9093840752686915577,credit_service_error
101,114,114,111,114,102,114,97,117,100,117,115,101,114,99,111,110,110,101,99,29323.076923076922,-7931911451782600697,credit_service_error
101,114,114,111,114,102,114,97,117,100,117,115,101,114,116,105,109,101,111,117,19353.846153846152,-9089336867440025585,credit_service_error
101,114,114,111,114,112,97,121,109,101,110,116,0,0,0,0,0,0,0,0,10661.538461538461,4648884696900509713,credit_service_error
101,114,114,111,114,112,97,121,109,101,110,116,99,111,110,110,101,99,116,105,27246.153846153844,5518149961601064985,credit_service_error
101,114,114,111,114,112,97,121,109,101,110,116,112,112,115,116,105,109,101,111,20500,4957381271376830481,credit_service_error
101,114,114,111,114,112,97,121,109,101,110,116,105,110,118,97,108,105,100,120,20238.46153846154,4939437275970381845,credit_service_error
101,114,114,111,114,112,97,121,109,101,110,116,118,97,117,108,116,0,0,0,15476.923076923076,5225345466383802449,credit_service_error
101,114,114,111,114,112,97,121,109,101,110,116,118,97,117,108,116,97,99,99,31869.23076923077,5518086110469760085,credit_service_error
101,114,114,111,114,112,114,111,99,101,115,115,102,97,105,108,0,0,0,0,14253.846153846154,2417342440189997257,credit_service_error
109,121,115,116,105,113,117,101,98,111,111,107,105,110,103,0,0,0,0,0,13438.461538461537,909823907593202184,credit_service_error
114,100,112,97,114,116,121,101,114,114,111,114,115,101,114,118,101,114,114,101,33484.61538461538,2907073535164168859,unexpected_response_error
97,117,116,104,101,110,116,105,99,97,116,105,111,110,114,101,99,111,118,101,72500,9040764593810440183,unexpected_response_error
97,99,99,101,115,115,100,101,110,105,101,100,0,0,0,0,0,0,0,0,9792.307692307691,1153073348972912672,unexpected_response_error
98,117,110,100,108,101,102,111,117,110,100,0,0,0,0,0,0,0,0,0,9223.076923076922,-9074182969802612448,unexpected_response_error
99,111,110,110,101,99,116,109,116,115,100,114,105,118,101,114,0,0,0,0,13669.23076923077,7929436038593798918,unexpected_response_error
99,111,110,110,101,99,116,105,118,105,116,121,99,111,109,109,117,110,105,99,44469.230769230766,-288741275410319490,unexpected_response_error
100,105,114,101,99,116,99,111,110,110,101,99,116,101,114,114,111,114,114,99,64923.07692307692,-1246537373525745953,unexpected_response_error
101,120,99,101,112,116,105,111,110,0,0,0,0,0,0,0,0,0,0,0,7776.923076923076,36099168447523336,unexpected_response_error
101,120,99,101,112,116,105,111,110,106,97,118,97,108,97,110,103,99,108,97,75484.61538461538,-10137498281837058,unexpected_response_error
102,97,105,108,101,100,108,97,112,115,97,110,103,115,101,114,118,105,99,101,210400,-1,unexpected_response_error
104,114,110,113,117,111,116,101,107,101,121,102,97,105,108,117,114,101,0,0,16246.153846153846,18581818503398234,unexpected_response_error
105,110,116,101,114,110,97,108,101,114,114,111,114,117,110,97,98,108,101,109,43623.07692307692,-23822475336422163,unexpected_response_error
105,110,116,101,114,110,97,108,97,112,112,108,105,99,97,116,105,111,110,101,20615.384615384613,2995632761861621158,unexpected_response_error
105,110,116,101,114,110,97,108,115,101,114,118,101,114,101,114,114,111,114,115,42569.230769230766,7922633901616713174,unexpected_response_error
114,101,115,112,111,110,115,101,0,0,0,0,0,0,0,0,0,0,0,0,6976.923076923077,5918856361101502466,unexpected_response_error
112,114,111,99,101,115,115,102,97,105,108,0,0,0,0,0,0,0,0,0,9492.307692307691,1152921642134211656,unexpected_response_error
112,108,101,97,115,101,101,110,116,101,114,99,111,114,114,101,99,116,97,99,23338.46153846154,-4568786187117301137,unexpected_response_error
113,117,101,114,121,99,114,101,97,116,101,100,108,111,99,97,116,101,100,115,22084.615384615383,-5019419250388401497,unexpected_response_error
114,111,108,108,98,97,99,107,111,110,116,105,109,101,111,117,116,0,0,0,15184.615384615385,-3071454885133122784,unexpected_response_error
114,101,116,117,114,110,116,104,114,101,115,104,111,108,100,101,120,99,101,101,19592.30769230769,4908934376390468936,unexpected_response_error
115,121,115,111,102,102,108,105,110,101,0,0,0,0,0,0,0,0,0,0,8730.76923076923,-9196350413018757120,unexpected_response_error
115,111,114,114,121,99,111,110,110,101,99,116,105,118,105,116,121,99,111,109,48969.230769230766,-2666439635382829072,unexpected_response_error
115,117,112,112,108,105,101,114,99,111,109,109,117,110,105,99,97,116,105,111,24323.076923076922,394843494779570258,unexpected_response_error
114,101,113,117,101,115,116,99,97,110,112,114,111,99,101,115,115,101,100,116,18961.53846153846,-8018272971994143730,unexpected_response_error
114,101,113,117,101,115,116,99,97,110,112,114,111,99,101,115,115,101,100,118,39700,-7350613463930047441,unexpected_response_error
116,114,97,118,101,108,110,111,119,99,111,109,115,101,114,118,105,99,101,114,50869.230769230766,4251362277542534014,unexpected_response_error
116,114,97,118,101,108,110,111,119,99,111,109,117,110,97,98,108,101,97,112,60269.230769230766,-1444554496725246977,unexpected_response_error
117,110,97,117,116,104,111,114,105,122,101,100,114,101,113,117,101,115,116,115,44338.46153846154,-4611932348811051665,unexpected_response_error
117,110,107,110,111,119,110,0,0,0,0,0,0,0,0,0,0,0,0,0,6192.307692307692,4611967493974525953,unexpected_response_error
115,111,114,114,121,101,114,114,111,114,111,99,99,117,114,114,101,100,109,97,34938.46153846154,-5337673789444538437,unexpected_response_error
115,111,114,114,121,117,110,97,98,108,101,112,114,111,99,101,115,115,114,101,44253.84615384615,-4621291373507644181,unexpected_response_error
115,111,114,114,121,117,110,97,98,108,101,112,114,111,99,101,115,115,114,101,35900,-4623543186208344853,unexpected_response_error
115,111,114,114,121,117,110,97,98,108,101,112,114,111,99,101,115,115,114,101,48923.07692307692,-4614535987077451285,unexpected_response_error
115,111,114,114,121,117,110,97,98,108,101,112,114,111,99,101,115,115,114,101,46176.92307692308,-6929386195545884933,unexpected_response_error
115,111,114,114,121,117,110,97,98,108,101,112,114,111,99,101,115,115,114,101,55830.76923076923,-4623543186332190725,unexpected_response_error
115,111,114,114,121,117,110,97,98,108,101,112,114,111,99,101,115,115,114,101,148515.38461538462,-1,unexpected_response_error
115,111,114,114,121,97,99,99,101,115,115,114,101,115,111,117,114,99,101,0,16353.846153846152,5566727042694428662,unexpected_response_error
115,111,114,114,121,112,101,114,109,105,115,115,105,111,110,114,117,110,114,101,21184.615384615383,2102018386913720302,unexpected_response_error
115,101,114,118,105,99,101,114,101,113,117,101,115,116,0,0,0,0,0,0,12092.307692307691,331594016281994385,unexpected_response_error
99,111,109,111,114,98,105,116,122,116,98,115,109,111,100,101,108,115,121,115,444484.6153846154,-1,unexpected_response_error
99,111,109,111,114,98,105,116,122,116,98,115,109,111,100,101,108,115,121,115,199384.61538461538,-1,unexpected_response_error
99,111,109,111,114,98,105,116,122,116,98,115,109,111,100,101,108,115,121,115,432584.6153846154,-1,unexpected_response_error
101,114,114,111,114,117,110,107,110,111,119,110,99,111,109,104,111,116,101,108,107153.84615384616,-1152925902653358209,unexpected_response_error
101,114,114,111,114,112,114,111,99,101,115,115,102,97,105,108,0,0,0,0,14253.846153846154,2417342440189997257,unexpected_response_error
106,97,118,97,108,97,110,103,110,117,108,108,112,111,105,110,116,101,114,101,35946.153846153844,-8319701564722981032,unexpected_response_error
110,117,108,108,101,114,114,111,114,115,101,114,118,101,114,101,114,114,111,114,49115.38461538462,-649654500582630211,unexpected_response_error
117,110,97,98,108,101,112,114,111,99,101,115,115,114,101,113,117,101,115,116,38146.153846153844,-1964371172033000849,unexpected_response_error
108,97,110,103,117,97,103,101,99,111,100,101,110,101,101,100,101,100,108,97,30976.923076923074,2184038253432399344,availability_error
109,97,120,105,109,117,109,112,101,111,112,108,101,97,108,108,111,119,101,100,23984.615384615383,9155769375316329434,availability_error
112,97,103,101,110,101,101,100,101,100,108,97,110,103,117,97,103,101,116,114,24346.153846153844,-101772515307371101,availability_error
118,97,108,105,100,108,97,110,103,117,97,103,101,99,111,100,101,110,101,101,34607.692307692305,4463000752011339582,availability_error
97,99,116,105,118,105,116,121,112,117,114,99,104,97,115,101,114,101,113,117,20653.846153846152,865582297484808450,availability_error
105,110,118,101,110,116,111,114,105,101,115,117,110,115,117,99,99,101,115,115,20323.076923076922,5017409289636752225,availability_error
99,97,99,104,101,100,97,118,97,105,108,97,98,105,108,105,116,121,102,111,40653.846153846156,1096492263580841659,availability_error
98,111,111,107,100,97,121,115,97,100,118,97,110,99,101,0,0,0,0,0,12423.076923076922,9190172081871407771,availability_error
99,104,111,111,115,101,97,110,111,116,104,101,114,104,111,116,101,108,116,114,17953.846153846152,2975349911633119794,availability_error
99,105,116,121,100,101,116,101,114,109,105,110,101,100,108,111,99,97,116,105,46376.92307692308,-3504383251846078625,availability_error
100,97,116,97,118,97,108,105,100,97,116,105,111,110,0,0,0,0,0,0,12061.538461538461,1369132851242741776,availability_error
100,97,116,97,114,101,113,117,101,115,116,118,97,108,105,100,97,116,101,100,61653.84615384615,-23644585238462465,availability_error
104,111,116,101,108,114,101,99,111,103,110,105,122,101,100,0,0,0,0,0,12776.923076923076,-4177607619575261747,availability_error
104,111,116,101,108,111,118,101,114,118,105,101,119,105,110,102,111,114,109,97,28269.23076923077,-3692820828891545846,availability_error
104,111,116,101,108,102,111,117,110,100,0,0,0,0,0,0,0,0,0,0,8461.538461538461,-8750485279874603704,availability_error
104,111,116,101,108,114,111,111,109,116,121,112,101,102,111,117,110,100,104,111,138523.0769230769,-141836999987201,availability_error
105,110,99,111,114,114,101,99,116,120,109,108,102,111,114,109,97,116,112,108,48192.30769230769,-2882802608018690066,availability_error
105,110,99,111,114,114,101,99,116,102,111,114,109,97,116,98,101,100,116,121,27130.76923076923,-7720738710227221774,availability_error
105,110,99,111,114,114,101,99,116,118,97,108,117,101,115,116,97,114,114,97,20492.30769230769,-6855005341496900918,availability_error
105,110,118,97,108,105,100,101,120,112,105,114,101,100,99,111,100,101,0,0,15038.461538461537,191969257347750738,availability_error
105,110,118,101,110,116,111,114,121,115,111,117,114,99,101,105,110,102,111,114,29546.153846153844,-8030385417167128059,availability_error
109,105,110,105,109,117,109,110,117,109,98,101,114,110,105,103,104,116,115,114,23153.846153846152,-2303491985519866851,availability_error
109,117,115,116,115,117,112,112,108,121,99,104,105,108,100,114,101,110,97,103,17969.23076923077,-9186217325687039276,availability_error
110,111,114,101,115,117,108,116,115,102,111,117,110,100,0,0,0,0,0,0,12600,-4555384425971434478,availability_error
118,97,99,97,110,99,121,112,108,101,97,115,101,116,114,121,100,105,102,102,35515.38461538462,-1732393179370378881,availability_error
102,111,117,110,100,100,97,116,97,98,97,115,101,0,0,0,0,0,0,0,10761.538461538461,-1823368510539366328,availability_error
112,114,105,99,101,109,105,115,109,97,116,99,104,0,0,0,0,0,0,0,11253.846153846154,36697301700116832,availability_error
112,108,101,97,115,101,101,110,116,101,114,99,105,116,121,97,110,100,111,114,29330.76923076923,4740841363501217479,availability_error
112,108,101,97,115,101,101,110,116,101,114,118,97,108,105,100,99,111,117,110,22807.69230769231,4653058781580850691,availability_error
112,108,101,97,115,101,101,110,116,101,114,118,97,108,105,100,104,111,116,101,17607.69230769231,4647952651779273227,availability_error
112,108,101,97,115,101,101,110,116,101,114,118,97,108,105,100,115,116,97,116,20853.846153846152,5512643487035781667,availability_error
112,108,101,97,115,101,110,97,114,114,111,119,115,101,97,114,99,104,101,110,37192.30769230769,-219499595241363557,availability_error
112,108,101,97,115,101,110,97,114,114,111,119,115,101,97,114,99,104,101,110,62438.46153846154,-2622508247293957,availability_error
112,108,101,97,115,101,110,97,114,114,111,119,115,101,97,114,99,104,115,112,32407.692307692305,6308415130797075347,availability_error
112,108,101,97,115,101,110,97,114,114,111,119,115,101,97,114,99,104,101,110,28707.692307692305,4916382629123277665,availability_error
112,108,101,97,115,101,112,114,111,118,105,100,101,99,104,101,99,107,105,110,40469.230769230766,9076102895709289725,availability_error
112,108,101,97,115,101,112,114,111,118,105,100,101,108,97,116,105,116,117,100,37023.07692307692,8718403552821205865,availability_error
112,108,101,97,115,101,112,114,111,118,105,100,101,108,111,110,103,105,116,117,37938.46153846154,8776090375861557355,availability_error
112,108,101,97,115,101,112,114,111,118,105,100,101,100,101,99,105,109,97,108,45730.76923076923,-243918345480577293,availability_error
112,108,101,97,115,101,112,114,111,118,105,100,101,111,110,101,118,97,108,105,32730.76923076923,8859670872767814755,availability_error
112,108,101,97,115,101,116,114,121,100,105,102,102,101,114,101,110,116,100,97,29653.846153846152,8753461959475677021,availability_error
112,114,105,99,105,110,103,101,114,114,111,114,114,101,116,114,105,101,118,101,41238.46153846154,-1754223566871857761,availability_error
112,114,111,98,108,101,109,103,101,116,116,105,110,103,100,101,116,97,105,108,60523.07692307692,-1261043084335284417,availability_error
112,114,111,112,101,114,116,121,108,111,110,103,101,114,97,118,97,105,108,97,19661.53846153846,-8247103385582108336,availability_error
112,114,111,112,101,114,116,121,108,111,111,107,117,112,102,97,105,108,101,100,42769.230769230766,-1158129968910702226,availability_error
114,101,102,101,114,109,117,108,116,105,112,108,101,108,111,99,97,116,105,111,45476.92307692308,-3629912329339535492,availability_error
115,112,101,99,105,102,105,101,100,97,114,114,105,118,97,108,100,97,116,101,29469.23076923077,666012909895596272,availability_error
115,112,101,99,105,102,105,101,100,99,105,116,121,114,101,115,111,108,118,101,28784.615384615383,-7715675383590433085,availability_error
115,117,112,112,108,105,101,114,114,101,116,117,114,110,116,101,120,116,110,117,27853.846153846152,2773166515637997259,availability_error
115,117,112,112,108,105,101,114,114,101,99,111,103,110,105,122,101,100,0,0,15561.538461538461,5839145671685720801,availability_error
103,117,101,115,116,115,116,97,103,108,97,114,103,101,115,109,97,108,108,98,39469.230769230766,8610873587554238382,availability_error
104,111,116,101,108,105,100,101,110,116,105,102,105,101,114,117,115,101,100,97,54623.07692307692,-576825792961445977,availability_error
97,109,101,110,105,116,121,99,111,100,101,105,110,118,97,108,105,100,0,0,15084.615384615385,-7426381840673115610,availability_error
99,104,97,105,110,99,111,100,101,105,110,118,97,108,105,100,0,0,0,0,13123.076923076922,2022415866960451350,availability_error
99,108,105,101,110,116,114,101,113,117,101,115,116,108,97,99,107,101,100,108,43430.76923076923,-605787261926448142,availability_error
99,108,105,101,110,116,114,101,113,117,101,115,116,115,98,97,100,101,110,100,31384.615384615383,-2398978462113744946,availability_error
99,108,105,101,110,116,114,101,113,117,101,115,116,115,98,97,100,115,116,97,37392.30769230769,-2371376618361475122,availability_error
104,111,116,101,108,115,101,108,101,99,116,101,100,108,111,110,103,101,114,97,39423.07692307692,6890192842579195887,availability_error
108,111,99,97,108,101,118,97,108,105,100,0,0,0,0,0,0,0,0,0,9053.846153846154,1393064740290060866,availability_error
108,111,99,97,116,105,111,110,115,111,108,118,101,100,109,97,114,107,101,116,52030.76923076923,-576461035784901014,availability_error
110,117,109,98,101,114,104,111,116,101,108,103,117,101,115,116,115,101,120,99,43323.07692307692,-4882505835324928450,availability_error
110,117,109,98,101,114,114,111,111,109,115,114,101,113,117,101,115,116,103,114,21530.76923076923,-2939146568543923442,availability_error
114,97,116,105,110,103,99,111,100,101,105,110,118,97,108,105,100,0,0,0,14161.538461538461,1682736877089784526,availability_error
114,111,111,109,116,121,112,101,114,97,116,101,115,101,108,101,99,116,101,100,69569.23076923077,-54044301753147393,availability_error
115,101,115,115,105,111,110,101,120,112,105,114,101,100,0,0,0,0,0,0,12053.846153846154,-8065559904316635165,availability_error
104,111,116,101,108,115,111,108,117,116,105,111,110,115,102,111,117,110,100,99,30761.53846153846,8338212739168793246,availability_error
101,114,114,111,114,120,109,108,114,101,113,117,101,115,116,115,116,114,117,99,59253.84615384615,-649645483203100738,availability_error
109,117,115,116,108,101,97,115,116,111,110,101,97,100,117,108,116,101,118,101,32676.923076923074,-578014777279489469,availability_error
111,114,100,101,114,98,121,116,121,112,101,113,117,101,114,121,118,97,108,105,26007.69230769231,2267280844790485897,availability_error
112,114,111,100,117,99,116,99,117,114,114,101,110,116,108,121,97,118,97,105,42769.230769230766,6860630318657828858,availability_error
114,101,115,101,114,118,97,116,105,111,110,99,97,110,112,114,111,99,101,115,41407.692307692305,-2359886398284896258,availability_error
115,111,114,116,98,121,116,121,112,101,113,117,101,114,121,118,97,108,105,100,25284.615384615383,9157211566019355692,availability_error
97,99,99,101,112,116,114,101,115,101,114,118,97,116,105,111,110,108,111,110,23053.846153846152,872552402913779682,availability_error
99,108,105,101,110,116,114,101,113,117,101,115,116,105,110,99,108,117,100,101,22984.615384615383,-7992311910765203915,availability_error
120,109,108,119,101,108,108,102,111,114,109,101,100,0,0,0,0,0,0,0,11030.76923076923,1318724560539362498,availability_error
99,97,110,98,111,111,107,114,111,111,109,115,116,105,109,101,0,0,0,0,13453.846153846154,5571239483519670514,availability_error
101,120,99,101,101,100,101,100,109,97,120,105,109,117,109,110,117,109,98,101,29000,9137660557085584538,availability_error
99,111,109,116,114,97,118,101,108,110,111,119,115,117,112,112,108,105,101,114,89684.61538461538,9218864039113703295,availability_error
99,111,109,116,114,97,118,101,108,110,111,119,115,117,112,112,108,105,101,114,80500,-36332279676797385,availability_error
100,97,121,115,97,100,118,97,110,99,101,109,97,120,105,109,117,109,99,97,24130.76923076923,5483379922909841970,availability_error
101,114,114,111,114,115,115,117,112,112,108,105,101,114,104,111,116,101,108,110,36830.76923076923,-2052257499104494963,availability_error
109,121,115,116,105,113,117,101,114,97,116,101,98,114,101,97,107,100,111,119,19169.23076923077,694205348294436876,availability_error
109,121,115,116,105,113,117,101,114,97,116,101,118,97,108,105,100,97,116,105,20176.923076923078,5308292693468907528,availability_error
115,112,101,99,105,102,105,101,100,97,114,114,105,118,97,108,100,97,116,101,47730.76923076923,9162214975316340670,availability_error
116,105,109,101,115,116,97,114,116,116,105,109,101,101,110,100,118,97,108,105,26246.153846153844,-13590044007274497,availability_error
97,103,101,110,116,97,116,116,101,110,116,105,111,110,114,101,115,101,114,118,71669.23076923077,-435749738664435845,booking_error
97,108,114,101,97,100,121,98,111,111,107,101,100,0,0,0,0,0,0,0,11107.692307692307,2918651478254030848,booking_error
97,100,100,105,116,105,111,110,97,108,97,103,101,110,116,97,116,116,101,110,36915.38461538462,3743528916299835353,booking_error
97,103,101,110,116,119,97,105,116,105,110,103,115,117,112,112,108,105,101,114,32646.153846153844,-1536814687344555922,booking_error
97,108,116,101,114,110,97,116,101,112,104,111,110,101,109,117,115,116,110,117,33661.53846153846,-7666657553537195023,booking_error
100,97,116,97,114,101,113,117,101,115,116,118,97,108,105,100,97,116,101,100,57553.84615384615,9146529228785643519,booking_error
100,97,116,97,114,101,113,117,101,115,116,118,97,108,105,100,97,116,101,100,49853.84615384615,9217741967905783763,booking_error
100,97,116,97,114,101,113,117,101,115,116,118,97,108,105,100,97,116,101,100,48923.07692307692,4589158537000564731,booking_error
100,97,116,97,114,101,113,117,101,115,116,118,97,108,105,100,97,116,101,100,50776.92307692308,9149897670464890867,booking_error
100,97,116,101,102,111,114,109,97,116,101,120,105,115,116,0,0,0,0,0,12700,-9221379592793311060,booking_error
100,117,112,108,105,99,97,116,101,114,101,115,101,114,118,97,116,105,111,110,23430.76923076923,7728905649568137344,booking_error
101,114,114,111,114,117,110,109,97,114,115,104,97,108,105,110,103,114,101,113,183030.76923076922,-1099511627777,booking_error
102,97,105,108,117,114,101,118,97,108,105,100,97,116,101,98,111,111,107,105,18469.23076923077,-9169111652135569023,booking_error
102,105,110,97,108,114,101,115,101,114,118,97,116,105,111,110,112,114,105,99,39684.61538461538,9206865239277695658,booking_error
102,105,110,97,108,114,101,115,101,114,118,97,116,105,111,110,112,114,105,99,68453.84615384616,-151046509394135041,booking_error
104,111,109,101,112,104,111,110,101,109,117,115,116,110,117,109,101,114,105,99,29315.384615384613,-2482718017763317357,booking_error
104,111,116,101,108,98,111,111,107,105,110,103,101,114,114,111,114,98,111,111,69038.46153846153,-4822474919526437,booking_error
104,111,116,101,108,98,111,111,107,105,110,103,101,114,114,111,114,98,111,111,24692.30769230769,-8229611058695625399,booking_error
104,111,116,101,108,98,111,111,107,105,110,103,101,114,114,111,114,114,97,116,25223.076923076922,-7685206293583558785,booking_error
104,111,116,101,108,98,111,111,107,105,110,103,101,114,114,111,114,100,111,117,22792.30769230769,-6496292550467746487,booking_error
104,111,116,101,108,98,111,111,107,105,110,103,101,114,114,111,114,116,114,121,17184.615384615383,-8833643437884304051,booking_error
104,111,116,101,108,98,111,111,107,105,110,118,97,108,105,100,105,110,105,116,65246.153846153844,-72148063299346593,booking_error
104,111,116,101,108,114,111,111,109,117,110,97,118,97,105,108,97,98,108,101,64153.84615384615,-3474125929822814209,booking_error
105,116,105,110,101,114,97,114,121,97,108,114,101,97,100,121,98,111,111,107,19846.153846153844,184551378360760465,booking_error
105,110,102,111,114,109,97,116,105,111,110,114,101,113,117,105,114,101,100,112,58438.46153846154,6917509629085442039,booking_error
105,110,118,97,108,105,100,99,111,117,110,116,114,121,99,111,100,101,0,0,15523.076923076922,767413349570118482,booking_error
105,110,118,97,108,105,100,110,117,109,98,101,114,97,114,103,117,109,101,110,18815.384615384613,1634281236153240982,booking_error
105,110,118,97,108,105,100,114,111,111,109,103,117,101,115,116,99,111,117,110,40053.846153846156,8645467571724280255,booking_error
108,97,115,116,110,97,109,101,109,117,115,116,108,101,97,115,116,116,119,111,42130.76923076923,8767945107655841199,booking_error
109,105,115,115,105,110,103,99,111,110,102,105,114,109,97,116,105,111,110,110,21553.846153846152,6919046051298822568,booking_error
109,105,115,115,105,110,103,105,110,118,101,110,116,111,114,121,115,111,117,114,22415.384615384613,4642095592035950816,booking_error
109,105,115,115,105,110,103,114,111,111,109,116,121,112,101,114,97,116,101,112,22876.923076923074,-7466877915620451088,booking_error
109,117,108,116,105,112,108,101,98,111,111,107,105,110,103,112,114,111,103,114,29292.30769230769,12735786518738985,booking_error
97,118,97,105,108,97,98,105,108,116,121,102,111,117,110,100,114,101,115,101,213061.53846153847,-1,booking_error
111,110,101,114,111,111,109,116,105,109,101,109,97,121,114,101,115,101,114,118,18730.76923076923,8829016696468630784,booking_error
112,108,101,97,115,101,114,101,115,117,98,109,105,116,98,111,111,107,105,110,23969.23076923077,7725511775260066963,booking_error
112,111,115,116,97,108,99,111,100,101,99,111,110,116,97,105,110,115,105,110,34730.76923076923,4858783160676515261,booking_error
112,114,105,99,101,99,104,97,110,103,101,104,97,112,112,101,110,101,100,103,366500,-1,booking_error
112,114,105,99,101,99,104,97,110,103,101,100,0,0,0,0,0,0,0,0,9815.384615384615,17172278646734880,booking_error
112,114,111,112,101,114,116,121,97,118,97,105,108,97,98,108,101,98,111,111,23823.076923076922,-5349143890835957686,booking_error
114,97,116,101,97,118,97,105,108,97,98,108,101,0,0,0,0,0,0,0,10761.538461538461,-8556837522326130554,booking_error
114,101,115,101,114,118,97,116,105,111,110,114,101,113,117,101,115,116,100,117,53476.92307692308,-1856215459516908769,booking_error
114,101,115,101,114,118,97,116,105,111,110,114,101,113,117,105,114,101,115,97,26715.384615384613,-4217541656280050739,booking_error
114,101,115,101,114,118,97,116,105,111,110,108,111,99,107,101,100,0,0,0,14600,32159640465053189,booking_error
114,111,111,109,99,111,100,101,105,110,118,97,108,105,100,0,0,0,0,0,12553.846153846154,-8315821890922052608,booking_error
115,111,108,100,111,117,116,114,111,111,109,116,114,121,105,110,103,98,111,111,106269.23076923077,-8193,booking_error
115,111,114,114,121,97,118,97,105,108,97,98,105,108,105,116,121,102,111,117,80600,-144188309894078465,booking_error
115,117,112,112,108,105,101,114,114,101,97,100,121,0,0,0,0,0,0,0,11192.307692307691,-8932812886483638208,booking_error
99,111,114,112,111,114,97,116,101,110,117,109,98,101,114,115,117,112,112,108,55184.61538461538,-90969474576392305,booking_error
99,111,114,112,111,114,97,116,101,101,110,116,101,114,101,100,99,111,110,116,46430.76923076923,-2650031370111033,booking_error
102,114,101,113,117,101,110,116,103,117,101,115,116,101,110,116,101,114,101,100,49915.38461538462,-6937924019249262881,booking_error
102,114,101,113,117,101,110,116,103,117,101,115,116,110,117,109,98,101,114,115,58669.230769230766,-2305882591735059457,booking_error
98,111,111,107,105,110,103,99,111,110,102,105,114,109,101,100,114,101,102,101,29576.923076923074,-444814508569026657,booking_error
104,111,116,101,108,117,110,97,98,108,101,112,114,111,118,105,100,101,105,116,66007.69230769231,8935141656408090618,booking_error
109,97,120,105,109,117,109,110,117,109,98,101,114,112,101,114,115,111,110,115,62146.153846153844,-162129693020002309,booking_error
109,117,108,116,105,114,111,111,109,98,111,111,107,105,110,103,109,117,115,116,76400,-576495945265446921,booking_error
110,117,109,98,101,114,114,111,111,109,115,114,101,113,117,101,115,116,101,100,53053.84615384615,-4828023796023575713,booking_error
114,101,113,117,101,115,116,101,100,110,117,109,98,101,114,110,105,103,104,116,48123.07692307692,-432982542440988689,booking_error
114,111,111,109,114,97,116,101,99,104,97,110,103,101,100,0,0,0,0,0,12461.538461538461,4041988096602017286,booking_error
114,111,111,109,116,121,112,101,114,97,116,101,115,101,108,101,99,116,101,100,45507.692307692305,-2361013795526107137,booking_error
115,101,108,101,99,116,101,100,114,111,111,109,115,111,108,100,0,0,0,0,13538.461538461537,3491697259745347202,booking_error
112,114,111,98,108,101,109,98,111,111,107,105,110,103,99,111,109,109,117,110,137461.53846153847,-1,booking_error
112,114,111,98,108,101,109,104,111,116,101,108,114,111,111,109,114,101,115,101,57084.61538461538,-576479583054987425,booking_error
112,114,111,100,117,99,116,99,117,114,114,101,110,116,108,121,97,118,97,105,510576.92307692306,-1,booking_error
112,114,111,100,117,99,116,99,117,114,114,101,110,116,108,121,97,118,97,105,471738.4615384615,-1,booking_error
112,114,111,100,117,99,116,99,117,114,114,101,110,116,108,121,97,118,97,105,419992.3076923077,-1,booking_error
112,114,111,100,117,99,116,99,117,114,114,101,110,116,108,121,97,118,97,105,959653.8461538461,-1,booking_error
114,101,115,101,114,118,97,116,105,111,110,99,97,110,99,111,109,112,108,101,50907.692307692305,-838241573476171842,booking_error
114,101,115,101,114,118,97,116,105,111,110,99,97,110,99,111,109,112,108,101,40584.61538461538,-5431904534745522177,booking_error
114,101,115,101,114,118,97,116,105,111,110,99,97,110,112,114,111,99,101,115,41407.692307692305,-2359886398284896258,booking_error
114,101,115,101,114,118,97,116,105,111,110,99,97,110,112,114,111,99,101,115,66623.07692307692,-145250030117728257,booking_error
116,105,109,101,111,117,116,101,120,99,101,112,116,105,111,110,111,99,99,117,93469.23076923077,-288230376151711813,booking_error
116,114,97,118,101,108,110,111,119,99,111,109,115,101,114,118,105,99,101,114,47046.153846153844,-5512990905882173473,booking_error
116,114,97,118,101,108,110,111,119,99,111,109,117,110,97,98,108,101,97,112,60269.230769230766,-1444554496725246977,booking_error
116,114,121,112,114,111,99,101,115,115,114,101,115,101,114,118,97,116,105,111,26161.53846153846,3022077792831837616,booking_error
117,110,97,98,108,101,97,100,100,116,114,97,118,101,108,101,114,0,0,0,14176.923076923076,-6116864642104670078,booking_error
99,111,110,102,105,114,109,97,116,105,111,110,110,117,109,98,101,114,99,117,67192.30769230769,-4629701537973666194,booking_error
101,114,114,111,114,98,111,111,107,104,111,108,100,101,114,114,111,114,101,120,35261.53846153846,4456154059645236805,booking_error
101,114,114,111,114,117,110,107,110,111,119,110,99,114,101,97,116,101,111,114,153746.15384615384,-134217731,booking_error
101,114,114,111,114,98,111,111,107,105,110,103,114,117,108,101,99,104,97,110,44300,7110740673321088025,booking_error
101,114,114,111,114,99,111,117,112,111,110,101,114,114,111,114,99,117,114,114,106415.38461538461,-72057596538912769,booking_error
101,114,114,111,114,112,114,105,99,101,109,105,115,109,97,116,99,104,105,110,108461.53846153845,-351850233661459,booking_error
101,114,114,111,114,117,110,107,110,111,119,110,105,110,116,101,114,110,97,108,205053.84615384616,-1,booking_error
109,121,115,116,105,113,117,101,98,111,111,107,105,110,103,0,0,0,0,0,13438.461538461537,909823907593202184,booking_error
99,97,110,99,101,108,108,101,100,112,114,111,100,117,99,116,0,0,0,0,13453.846153846154,-8337499297792654208,cancel_error
99,97,110,99,101,108,108,101,100,112,114,111,100,117,99,116,0,0,0,0,13938.461538461537,-8554551680617675776,cancel_error
99,108,105,101,110,116,102,111,117,110,100,115,121,115,116,101,109,0,0,0,14584.615384615385,-6321400073154376110,cancel_error
104,111,116,101,108,112,114,101,99,97,110,99,101,108,102,97,105,108,101,100,16576.923076923078,-8782013221555927686,cancel_error
99,97,110,99,101,108,117,99,104,111,116,101,108,115,101,103,109,101,110,116,16707.69230769231,2830247126205809450,cancel_error
109,117,108,116,105,114,111,111,109,112,97,114,116,105,97,108,99,97,110,99,23946.153846153844,6994754887009586335,cancel_error
109,117,108,116,105,114,111,111,109,112,97,114,116,105,97,108,99,97,110,99,26061.53846153846,2402690216624137083,cancel_error
104,111,116,101,108,99,111,110,102,105,114,109,97,116,105,111,110,110,117,109,23992.30769230769,7714264485883602310,cancel_error
104,111,116,101,108,99,111,110,102,105,114,109,97,116,105,111,110,110,117,109,24453.846153846152,7449662663933642386,cancel_error
111,114,100,101,114,99,117,114,114,101,110,116,108,121,112,114,111,99,101,115,19923.076923076922,-6880629869913234732,cancel_error
112,97,114,116,105,97,108,99,97,110,99,101,108,108,97,116,105,111,110,0,16130.76923076923,747615370848470016,cancel_error
112,114,111,100,117,99,116,117,110,97,118,97,105,108,97,98,108,101,0,0,15984.615384615385,8795531309231342160,cancel_error
112,108,101,97,115,101,99,111,110,116,97,99,116,99,117,115,116,111,109,101,23861.53846153846,4621341068910355585,cancel_error
112,108,101,97,115,101,101,110,116,101,114,99,117,115,116,111,109,101,114,115,42384.61538461538,-3990332004687586441,cancel_error
112,108,101,97,115,101,116,114,121,108,97,116,101,114,0,0,0,0,0,0,11915.384615384615,4684599042980955825,cancel_error
112,114,111,98,97,98,108,121,114,101,115,101,114,118,97,116,105,111,110,97,57007.692307692305,6915233178540029751,cancel_error
114,101,115,110,111,116,102,111,117,110,100,0,0,0,0,0,0,0,0,0,9707.692307692307,-6899365074074978176,cancel_error
114,101,113,117,101,115,116,101,100,112,114,111,100,117,99,116,97,108,114,101,27092.30769230769,-3284133893407720373,cancel_error
114,101,115,101,114,118,97,116,105,111,110,99,97,110,99,101,108,108,101,100,17046.153846153844,-4598100427353663355,cancel_error
114,101,115,101,114,118,97,116,105,111,110,102,111,117,110,100,0,0,0,0,13900,592295943093793349,cancel_error
114,101,115,101,114,118,97,116,105,111,110,114,101,116,114,105,101,118,101,100,17407.69230769231,880545011498924097,cancel_error
114,101,115,101,114,118,97,116,105,111,110,102,111,117,110,100,115,121,115,116,19223.076923076922,7363499764000362523,cancel_error
104,111,116,101,108,99,111,110,102,105,114,109,97,116,105,111,110,105,110,102,47130.76923076923,-2452217144700712069,cancel_error
114,111,111,109,115,104,111,116,101,108,114,101,115,101,114,118,97,116,105,111,25661.53846153846,-3145216525885178197,cancel_error
112,114,111,100,117,99,116,99,117,114,114,101,110,116,108,121,97,118,97,105,21469.23076923077,6850057137738801392,cancel_error
114,101,113,117,101,115,116,97,108,114,101,97,100,121,112,114,111,99,101,115,27076.923076923074,-5477006675786846770,cancel_error
114,101,115,101,114,118,97,116,105,111,110,102,111,117,110,100,0,0,0,0,13900,-7729473830638301906,cancel_error
117,110,97,98,108,101,99,97,110,99,101,108,114,101,115,101,114,118,97,116,19476.923076923078,3112313161519596882,cancel_error
117,110,97,98,108,101,99,97,110,99,101,108,114,101,115,101,114,118,97,116,56376.92307692308,-4630337588506429573,cancel_error
102,105,110,100,98,111,111,107,105,110,103,0,0,0,0,0,0,0,0,0,9146.153846153846,4908993971886359569,cancel_error
102,105,110,100,114,101,115,101,114,118,97,116,105,111,110,0,0,0,0,0,12923.076923076922,874050517890893073,cancel_error
99,111,109,111,114,98,105,116,122,116,98,115,109,111,100,101,108,115,121,115,47276.92307692308,9142834730744128899,cancel_error
99,111,109,111,114,98,105,116,122,116,98,115,115,112,105,116,120,110,99,97,66561.53846153845,8916911721667303298,cancel_error
101,114,114,111,114,111,114,100,101,114,99,117,114,114,101,110,116,112,114,111,34092.30769230769,-5351332864188717117,cancel_error
101,114,114,111,114,111,114,100,101,114,108,105,110,101,110,111,116,102,111,117,20200,704286447495033897,cancel_error
101,114,114,111,114,111,114,100,101,114,110,117,109,98,101,114,110,111,116,102,22276.923076923074,6020239890945682689,cancel_error
102,111,114,111,114,100,101,114,110,117,109,111,114,100,101,114,103,117,105,100,24100,6922422074585390264,cancel_error
109,117,108,116,105,99,117,114,114,101,110,99,121,100,101,116,97,105,108,115,499376.92307692306,-1,cancel_error
109,121,115,116,105,113,117,101,99,97,110,99,101,108,108,97,116,105,111,110,18061.53846153846,914320916793526313,cancel_error
98,111,111,107,105,110,103,102,111,117,110,100,0,0,0,0,0,0,0,0,10123.076923076922,5408982866233917696,cancel_error
102,111,117,110,100,0,0,0,0,0,0,0,0,0,0,0,0,0,0,0,4230.7692307692305,1200772252291827712,cancel_error
112,114,111,100,117,99,116,97,108,114,101,97,100,121,99,97,110,99,101,108,19292.30769230769,4623886770555389472,cancel_error
112,114,111,100,117,99,116,108,111,99,97,116,111,114,99,111,100,101,0,0,16069.23076923077,5188650347468228129,cancel_error
114,101,99,111,114,100,109,105,115,115,105,110,103,112,114,111,99,101,115,115,17115.384615384613,-5665289966031984348,cancel_error
114,101,115,101,114,118,97,116,105,111,110,102,111,117,110,100,0,0,0,0,13900,-7446121435775350779,cancel_error
114,101,115,101,114,118,97,116,105,111,110,115,116,97,114,116,100,97,116,101,18184.615384615383,-8610257952039747498,cancel_error
114,111,111,109,102,111,117,110,100,0,0,0,0,0,0,0,0,0,0,0,7700,4625482702353601540,cancel_error
114,101,115,101,114,118,97,116,105,111,110,99,97,110,99,101,108,101,100,0,16153.846153846152,-1720282635022414620,cancel_error
99,97,110,99,101,108,100,97,116,101,112,97,115,115,101,100,0,0,0,0,13107.692307692307,-8519675678721569724,cancel_forbidden_error
99,97,110,99,101,108,108,97,116,105,111,110,100,101,97,100,108,105,110,101,21784.615384615383,-8592603581299284406,cancel_forbidden_error
99,97,110,99,101,108,108,97,116,105,111,110,100,101,97,100,108,105,110,101,23446.153846153844,-6241824634869512693,cancel_forbidden_error
99,97,110,99,101,108,100,97,116,101,112,97,115,115,101,100,0,0,0,0,13753.846153846154,-7176471637938535424,cancel_forbidden_error
104,111,116,101,108,112,114,101,99,97,110,99,101,108,102,97,105,108,101,100,16576.923076923078,-8861954798356245106,cancel_forbidden_error
114,101,115,99,97,110,99,101,108,108,101,100,0,0,0,0,0,0,0,0,9938.461538461539,-8646910717518671808,cancel_forbidden_error
114,101,115,99,97,110,99,101,108,108,101,100,0,0,0,0,0,0,0,0,10146.153846153846,-9074190281154225920,cancel_forbidden_error
114,101,115,101,114,118,97,116,105,111,110,99,97,110,99,101,108,108,101,100,17046.153846153844,3058599824141718021,cancel_forbidden_error
114,101,115,101,114,118,97,116,105,111,110,99,97,110,99,101,108,108,101,100,22123.076923076922,3346830200343794213,cancel_forbidden_error
114,101,115,101,114,118,97,116,105,111,110,99,97,110,99,101,108,97,98,108,26407.69230769231,-1859190498565924667,cancel_forbidden_error
108,97,116,101,99,97,110,99,101,108,114,101,115,101,114,118,97,116,105,111,17800,734379873214735440,cancel_forbidden_error
108,97,116,101,99,97,110,99,101,108,114,101,115,101,114,118,97,116,105,111,17800,734379873214735440,cancel_forbidden_error
108,97,116,101,99,97,110,99,101,108,114,101,115,101,114,118,97,116,105,111,32607.692307692305,-7244604480301744302,cancel_forbidden_error
117,110,97,98,108,101,99,97,110,99,101,108,114,101,115,101,114,118,97,116,19476.923076923078,3400543537671308626,cancel_forbidden_error
117,110,97,98,108,101,99,97,110,99,101,108,114,101,115,101,114,118,97,116,43338.46153846154,-55894405101419178,cancel_forbidden_error
117,110,97,98,108,101,99,97,110,99,101,108,114,101,115,101,114,118,97,116,58869.230769230766,-1155175538081946118,cancel_forbidden_error
117,110,97,98,108,101,99,97,110,99,101,108,114,101,115,101,114,118,97,116,64838.46153846154,-5764748273417499177,cancel_forbidden_error
117,110,97,98,108,101,111,98,116,97,105,110,99,97,110,99,101,108,108,97,49161.53846153846,-1468529221287598598,cancel_forbidden_error
98,111,111,107,105,110,103,99,97,110,99,101,108,108,101,100,111,110,108,105,18346.153846153844,8083126978832168736,cancel_forbidden_error
98,111,111,107,105,110,103,99,97,110,99,101,108,108,101,100,0,0,0,0,13269.23076923077,3471432160016782596,cancel_forbidden_error
99,97,110,99,97,110,99,101,108,0,0,0,0,0,0,0,0,0,0,0,7215.384615384615,864832175888008208,cancel_forbidden_error
99,97,110,99,101,108,108,97,98,108,101,0,0,0,0,0,0,0,0,0,9084.615384615385,-9205318055792474344,cancel_forbidden_error
99,97,110,99,101,108,108,101,100,0,0,0,0,0,0,0,0,0,0,0,7376.923076923076,3749266498884082769,cancel_forbidden_error
99,111,109,111,114,98,105,116,122,116,98,115,109,111,100,101,108,116,120,110,44207.692307692305,-6223456010068302461,cancel_forbidden_error
99,111,109,111,114,98,105,116,122,119,115,104,111,116,101,108,99,97,110,99,282984.6153846154,9222246136947392511,cancel_forbidden_error
99,111,109,111,114,98,105,116,122,119,115,104,111,116,101,108,99,97,110,99,128515.38461538461,1942172941254918011,cancel_forbidden_error
99,111,109,111,114,98,105,116,122,119,115,116,98,115,114,101,115,101,114,118,122076.92307692308,6910175491684433278,cancel_forbidden_error
99,111,109,111,114,98,105,116,122,119,115,116,98,115,114,101,115,101,114,118,94653.84615384616,9071934043237899775,cancel_forbidden_error
100,101,97,100,108,105,110,101,100,97,116,101,112,97,115,115,101,100,0,0,14807.692307692307,-4561001485699972515,cancel_forbidden_error
101,114,114,111,114,114,101,115,109,111,100,105,102,121,101,114,114,111,114,99,29015.384615384613,-808893106501113791,cancel_forbidden_error
101,114,114,111,114,98,108,111,99,107,115,112,97,99,101,0,0,0,0,0,13123.076923076922,2347818000818659345,cancel_forbidden_error
101,114,114,111,114,99,97,110,99,101,108,111,114,100,101,114,108,105,110,101,17861.53846153846,343533067752972339,cancel_forbidden_error
101,114,114,111,114,110,111,110,114,101,102,117,110,100,97,98,108,101,98,111,43784.61538461538,-892310770942346233,cancel_forbidden_error
101,114,114,111,114,111,114,100,101,114,108,105,110,101,97,108,114,101,97,100,26746.153846153844,122758449276155023,cancel_forbidden_error
109,117,108,116,105,112,108,101,110,111,116,115,117,112,112,111,114,116,101,100,18469.23076923077,3144362601459355649,cancel_forbidden_error
109,121,115,116,105,113,117,101,99,97,110,99,101,108,108,97,116,105,111,110,18061.53846153846,914320916793526313,cancel_forbidden_error
114,101,102,117,110,100,0,0,0,0,0,0,0,0,0,0,0,0,0,0,5069.2307692307695,74450141039298560,cancel_forbidden_error
99,97,110,99,101,108,97,98,108,101,0,0,0,0,0,0,0,0,0,0,8176.923076923076,230326266580959232,cancel_forbidden_error
99,97,110,99,101,108,108,97,98,108,101,0,0,0,0,0,0,0,0,0,9084.615384615385,9702661330829313,cancel_forbidden_error
112,114,111,100,117,99,116,112,114,101,99,97,110,99,101,108,105,110,102,111,26776.923076923074,-2842367537488558486,cancel_forbidden_error
114,101,102,101,114,101,110,99,101,105,116,105,110,101,114,97,114,121,110,117,51015.38461538462,-1308296791534864769,cancel_forbidden_error
117,110,99,97,110,99,101,108,97,98,108,101,0,0,0,0,0,0,0,0,10084.615384615385,2491125012950714368,cancel_forbidden_error
117,110,99,97,110,99,101,108,108,97,98,108,101,0,0,0,0,0,0,0,11007.692307692307,2581131034565281792,cancel_forbidden_error
122,101,114,111,114,101,102,117,110,100,0,0,0,0,0,0,0,0,0,0,8561.538461538461,2305861756746212544,cancel_forbidden_error
117,102,111,114,109,97,116,101,114,114,111,114,111,112,116,105,111,110,97,108,66907.69230769231,9213227099823664446,credit_data_error
97,100,100,114,101,115,115,99,97,116,101,103,111,114,121,101,120,104,111,109,30576.923076923074,7810314325015215525,credit_data_error
99,99,97,99,99,111,117,110,116,110,97,109,101,101,114,114,111,114,0,0,15046.153846153846,-2807888530895975934,credit_data_error
99,99,110,97,109,101,101,114,114,111,114,0,0,0,0,0,0,0,0,0,9123.076923076922,-8537555625414950908,credit_data_error
99,115,118,102,97,105,108,0,0,0,0,0,0,0,0,0,0,0,0,0,5884.615384615385,612561292489654408,credit_data_error
99,114,101,100,105,116,99,97,114,100,101,114,114,111,114,0,0,0,0,0,12538.461538461537,725783270940443184,credit_data_error
99,114,101,100,105,116,99,97,114,100,116,121,112,101,105,110,118,97,108,105,17584.615384615383,581586805992949416,credit_data_error
99,114,101,100,105,116,99,97,114,100,116,121,112,101,97,99,99,101,112,116,25415.384615384613,701209222751425392,credit_data_error
104,111,110,111,114,112,105,99,107,117,112,109,101,115,115,97,103,101,0,0,15300,3478268164749723721,credit_data_error
104,111,116,101,108,98,111,111,107,105,110,103,101,114,114,111,114,99,97,114,47346.153846153844,-6388180571276732945,credit_data_error
105,110,118,97,108,105,100,99,114,101,100,105,116,99,97,114,100,100,97,116,40246.153846153844,1150439408140074935,credit_data_error
112,97,121,109,101,110,116,102,97,105,108,117,114,101,0,0,0,0,0,0,12315.384615384615,2459317296637215872,credit_data_error
112,97,121,109,101,110,116,102,97,105,108,117,114,101,104,97,112,112,101,110,18592.30769230769,940410256039695528,credit_data_error
112,104,111,110,101,99,97,116,101,103,111,114,121,101,120,104,111,109,101,119,28923.076923076922,-8652092645033251910,credit_data_error
112,108,101,97,115,101,112,114,111,118,105,100,101,118,97,108,105,100,99,114,75976.92307692308,-648518348522397841,credit_data_error
112,108,101,97,115,101,112,114,111,118,105,100,101,118,97,108,105,100,99,114,218876.92307692306,-1,credit_data_error
112,108,101,97,115,101,112,114,111,118,105,100,101,118,97,108,105,100,99,114,422246.1538461538,-1,credit_data_error
112,111,115,116,97,108,99,111,100,101,112,114,111,118,105,100,101,100,115,112,28961.53846153846,-7313851017789355725,credit_data_error
115,116,97,116,101,112,114,111,118,105,110,99,101,114,101,113,117,105,114,101,31776.923076923074,4593818151275929218,credit_data_error
99,97,114,100,115,101,99,117,114,105,116,121,99,111,100,101,101,110,116,101,52123.07692307692,-162692588357058821,credit_data_error
99,97,114,100,116,121,112,101,112,114,111,118,105,100,101,100,97,99,99,101,137469.23076923075,-1,credit_data_error
99,114,101,100,105,116,99,97,114,100,116,121,112,101,105,110,118,97,108,105,40838.46153846154,-19216235086644238,credit_data_error
115,112,101,99,105,102,105,101,100,99,114,101,100,105,116,99,97,114,100,101,33553.846153846156,-5641101300967473190,credit_data_error
115,112,101,99,105,102,105,101,100,99,114,101,100,105,116,99,97,114,100,101,56807.692307692305,-5064355609762660385,credit_data_error
115,112,101,99,105,102,105,101,100,99,114,101,100,105,116,99,97,114,100,110,50353.84615384615,-6953559068055175430,credit_data_error
114,101,113,117,101,115,116,99,97,110,112,114,111,99,101,115,115,101,100,112,46815.38461538462,-2685271861958774870,credit_data_error
114,101,115,101,114,118,97,116,105,111,110,99,97,110,112,114,111,99,101,115,58930.76923076923,-2359895275983210497,credit_data_error
114,101,115,101,114,118,97,116,105,111,110,99,97,110,112,114,111,99,101,115,46961.53846153846,-6954121337255823874,credit_data_error
115,111,114,114,121,117,110,97,98,108,101,112,114,111,99,101,115,115,114,101,125784.61538461538,-2305843009213694017,credit_data_error
115,111,114,114,121,115,121,115,116,101,109,99,97,110,97,117,116,104,101,110,104600,-1297036692682702850,credit_data_error
115,111,114,114,121,115,121,115,116,101,109,99,97,110,97,117,116,104,101,110,104600,-36028801313931266,credit_data_error
115,111,114,114,121,115,121,115,116,101,109,99,97,110,97,117,116,104,101,110,134884.61538461538,-36028797018963970,credit_data_error
115,111,114,114,121,117,110,97,98,108,101,112,114,111,99,101,115,115,114,101,52246.153846153844,8069322295744526335,credit_data_error
115,111,114,114,121,117,110,97,98,108,101,112,114,111,99,101,115,115,114,101,65823.07692307692,9222243800351506431,credit_data_error
115,111,114,114,121,117,110,97,98,108,101,112,114,111,99,101,115,115,114,101,71538.46153846153,-36034294577104908,credit_data_error
115,111,114,114,121,117,110,97,98,108,101,112,114,111,99,101,115,115,114,101,78861.53846153845,-36029896530591762,credit_data_error
117,105,110,118,97,108,105,100,99,97,114,100,110,117,109,98,101,114,117,110,61646.153846153844,-37260662630847747,credit_data_error
117,105,110,118,108,100,117,99,114,101,100,105,116,99,97,114,100,116,121,112,73453.84615384616,-6755694720123393,credit_data_error
117,110,114,117,114,109,115,110,111,116,112,114,111,99,101,115,115,101,100,98,51753.84615384615,-292266923900540801,credit_data_error
99,111,109,111,114,98,105,116,122,116,98,115,104,111,115,116,116,120,110,111,301469.23076923075,-1,credit_data_error
99,111,109,111,114,98,105,116,122,116,98,115,104,111,115,116,116,120,110,111,296915.3846153846,-1,credit_data_error
99,111,109,111,114,98,105,116,122,116,98,115,104,111,115,116,116,120,110,111,301469.23076923075,-1,credit_data_error
99,111,109,111,114,98,105,116,122,116,98,115,109,111,100,101,108,116,120,110,78730.76923076923,-725326105494095909,credit_data_error
101,114,114,111,114,97,100,100,114,101,115,115,99,97,116,101,103,111,114,121,34484.61538461538,-8368483533907795447,credit_data_error
101,114,114,111,114,99,114,101,100,105,116,99,97,114,100,100,101,99,108,105,130692.30769230769,-1168231694339,credit_data_error
101,114,114,111,114,99,114,101,100,105,116,99,97,114,100,100,101,99,108,105,196776.92307692306,-4503599694614529,credit_data_error
101,114,114,111,114,99,114,101,100,105,116,99,97,114,100,100,101,99,108,105,167476.92307692306,-4611686018427453441,credit_data_error
101,114,114,111,114,99,114,101,100,105,116,99,97,114,100,100,101,99,108,105,161669.23076923075,-17609365913665,credit_data_error
101,114,114,111,114,99,114,101,100,105,116,99,97,114,100,100,101,99,108,105,185153.84615384616,-1048577,credit_data_error
101,114,114,111,114,99,114,101,100,105,116,99,97,114,100,100,101,99,108,105,133476.92307692306,-73150824449,credit_data_error
101,114,114,111,114,109,105,115,109,97,116,99,104,108,97,115,116,100,105,103,31238.46153846154,2942588692894016403,credit_data_error
101,114,114,111,114,112,104,111,110,101,99,97,116,101,103,111,114,121,99,111,32384.615384615383,2001326008676925063,credit_data_error
101,114,114,111,114,112,111,115,116,97,108,99,111,100,101,114,101,113,117,105,31784.615384615383,-4139744831737333145,credit_data_error
101,114,114,111,114,112,114,111,118,105,110,99,101,114,101,113,117,105,114,101,29761.53846153846,1271275201759704193,credit_data_error
101,114,114,111,114,115,114,101,115,105,110,102,111,99,99,105,110,118,97,108,30176.923076923074,-9018900175770257083,credit_data_error
101,114,114,111,114,115,114,101,115,105,110,102,111,99,99,105,110,118,97,108,34638.46153846154,-8095646867653433011,credit_data_error
101,114,114,111,114,115,114,101,115,105,110,102,111,99,99,105,110,118,97,108,34661.53846153846,-8951348180985222811,credit_data_error
101,114,114,111,114,115,115,117,112,112,108,105,101,114,99,115,118,109,115,116,38461.53846153846,-2691326587745835483,credit_data_error
109,121,115,116,105,113,117,101,98,111,111,107,105,110,103,0,0,0,0,0,13438.461538461537,909823907593202184,credit_data_error
114,101,109,111,118,101,99,97,114,100,117,115,101,114,0,0,0,0,0,0,11830.76923076923,2389447556334663704,credit_decline_error
99,114,101,100,105,116,99,97,114,100,100,101,99,108,105,110,101,0,0,0,13930.76923076923,2962104262479470625,credit_decline_error
99,114,101,100,105,116,99,97,114,100,116,114,97,110,115,97,99,116,105,111,36807.692307692305,-1235547999943544084,credit_decline_error
99,114,101,100,105,116,99,97,114,100,116,114,97,110,115,97,99,116,105,111,43476.92307692308,-102751927098671380,credit_decline_error
101,120,99,101,112,116,105,111,110,99,114,101,100,105,116,99,97,114,100,116,63476.92307692308,-1177978576646963204,credit_decline_error
101,120,99,101,112,116,105,111,110,99,114,101,100,105,116,99,97,114,100,116,67146.15384615384,-27303078848893060,credit_decline_error
104,111,108,100,99,97,114,100,0,0,0,0,0,0,0,0,0,0,0,0,6623.076923076923,5224184915746105616,credit_decline_error
105,110,116,101,114,110,97,108,97,112,112,108,105,99,97,116,105,111,110,101,120300,-11544889307170817,credit_decline_error
109,101,115,115,97,103,101,114,101,102,101,114,101,110,99,101,105,100,117,110,68084.61538461538,-6020344280206318617,credit_decline_error
112,97,121,109,101,110,116,102,97,105,108,117,114,101,0,0,0,0,0,0,12315.384615384615,2459317296637215872,credit_decline_error
112,97,121,109,101,110,116,102,97,105,108,117,114,101,104,97,112,112,101,110,18592.30769230769,940410256039695528,credit_decline_error
112,97,121,109,101,110,116,102,97,105,108,117,114,101,104,97,112,112,101,110,98053.84615384616,4426968064960888766,credit_decline_error
112,97,121,109,101,110,116,102,97,105,108,117,114,101,104,97,112,112,101,110,101884.61538461538,9043228051759824574,credit_decline_error
112,97,121,109,101,110,116,102,97,105,108,117,114,101,104,97,112,112,101,110,110230.76923076923,4467500461607354367,credit_decline_error
112,97,121,109,101,110,116,102,97,105,108,117,114,101,104,97,112,112,101,110,113546.15384615384,9223301668110467006,credit_decline_error
114,101,102,101,114,114,101,100,0,0,0,0,0,0,0,0,0,0,0,0,6730.7692307692305,-9182804292594016176,credit_decline_error
114,101,115,101,114,118,97,116,105,111,110,99,97,110,112,114,111,99,101,115,47000,-7080952503470129153,credit_decline_error
115,111,114,114,121,117,110,97,98,108,101,112,114,111,99,101,115,115,114,101,142861.53846153847,-1,credit_decline_error
115,111,114,114,121,117,110,97,98,108,101,112,114,111,99,101,115,115,114,101,80553.84615384616,-4398046511129,credit_decline_error
97,99,99,111,117,110,116,98,97,108,97,110,99,101,0,0,0,0,0,0,11546.153846153846,288239484806497922,credit_decline_error
97,112,112,108,105,99,97,116,105,111,110,101,114,114,111,114,109,101,115,115,57469.230769230766,-2311580278602478669,credit_decline_error
99,111,109,111,114,98,105,116,122,116,98,115,104,111,115,116,116,120,110,111,301469.23076923075,-70368744177665,credit_decline_error
99,111,109,111,114,98,105,116,122,116,98,115,104,111,115,116,116,120,110,111,366361.53846153844,-1,credit_decline_error
99,111,109,111,114,98,105,116,122,116,98,115,104,111,115,116,116,120,110,111,424100,-1,credit_decline_error
99,99,99,108,101,97,114,105,110,103,104,111,117,115,101,99,111,109,109,111,30953.846153846152,-8177079357538418915,credit_decline_error
99,111,109,111,114,98,105,116,122,116,98,115,109,111,100,101,108,116,120,110,78976.92307692308,-4609427626395657,credit_decline_error
104,111,110,111,114,0,0,0,0,0,0,0,0,0,0,0,0,0,0,0,4307.692307692308,-8627770676360429036,credit_decline_error
101,114,114,111,114,109,101,115,115,97,103,101,114,101,102,101,114,101,110,99,84669.23076923077,-5046363209344075943,credit_decline_error
101,114,114,111,114,99,114,101,100,105,116,99,97,114,100,100,101,99,108,105,153269.23076923075,-576460756606779409,credit_decline_error
101,114,114,111,114,99,114,101,100,105,116,99,97,114,100,100,101,99,108,105,143269.23076923075,-10453954593025,credit_decline_error
101,114,114,111,114,99,114,101,100,105,116,99,97,114,100,100,101,99,108,105,123707.6923076923,-216172919842148353,credit_decline_error
101,114,114,111,114,99,114,101,100,105,116,99,97,114,100,100,101,99,108,105,132000,-2449967543406821377,credit_decline_error
101,114,114,111,114,99,114,101,100,105,116,99,97,114,100,100,101,99,108,105,151215.38461538462,-144123984168878227,credit_decline_error
101,114,114,111,114,99,114,101,100,105,116,99,97,114,100,100,101,99,108,105,144169.23076923075,-4503668351109121,credit_decline_error
101,114,114,111,114,99,114,101,100,105,116,99,97,114,100,100,101,99,108,105,131000,-563018677356545,credit_decline_error
101,120,112,105,114,101,100,99,97,114,100,0,0,0,0,0,0,0,0,0,9153.846153846154,5809678704217458832,credit_decline_error
104,111,108,100,99,97,114,100,0,0,0,0,0,0,0,0,0,0,0,0,6500,10482136154144,credit_decline_error
104,111,108,100,99,97,114,100,0,0,0,0,0,0,0,0,0,0,0,0,6623.076923076923,10516235821056,credit_decline_error
109,121,115,116,105,113,117,101,98,111,111,107,105,110,103,0,0,0,0,0,13438.461538461537,909823907593202184,credit_decline_error
114,101,102,117,115,101,100,0,0,0,0,0,0,0,0,0,0,0,0,0,5930.7692307692305,-4611681620379828218,credit_decline_error
