Label,ByteRange0,ByteRange1,ByteRange2,ByteRange3,ByteRange4,ByteRange5,ByteRange6,ByteRange7,ByteRange8,ByteRange9,ByteRange10,ByteRange11,ByteRange12,ByteRange13,ByteRange14,ByteRange15,ByteRange16,ByteRange17,ByteRange18,ByteRange19,ByteRange20,ByteRange21,ByteRange22,ByteRange23,ByteRange24,ByteRange25,ByteRange26,ByteRange27,ByteRange28,ByteRange29,ByteRange30,ByteRange31,ByteRange32,ByteRange33,ByteRange34,ByteRange35,ByteRange36,ByteRange37,ByteRange38,ByteRange39,ByteRange40,ByteRange41,ByteRange42,ByteRange43,ByteRange44,ByteRange45,ByteRange46,ByteRange47,ByteRange48,ByteRange49,AggregateByteValue
13184,114,100,112,97,114,116,121,101,114,114,111,114,115,101,114,118,101,114,114,101,115,112,111,110,100,101,100,101,114,114,111,114,109,101,115,115,97,103,101,0,0,0,0,0,0,0,0,0,0,0,0.019216607607069978
13184,97,117,116,104,101,110,116,105,99,97,116,105,111,110,114,101,99,111,118,101,114,97,98,108,101,116,114,97,118,101,108,110,111,119,99,111,109,115,101,114,118,105,99,101,114,101,113,117,101,115,0.01915896990487027
13184,97,99,99,101,115,115,100,101,110,105,101,100,0,0,0,0,0,0,0,0,0,0,0,0,0,0,0,0,0,0,0,0,0,0,0,0,0,0,0,0,0,0,0,0,0,0,0,0,0,0,0.01915079723287316
13184,98,117,110,100,108,101,102,111,117,110,100,0,0,0,0,0,0,0,0,0,0,0,0,0,0,0,0,0,0,0,0,0,0,0,0,0,0,0,0,0,0,0,0,0,0,0,0,0,0,0,0.019143131997193707
13184,99,111,110,110,101,99,116,109,116,115,100,114,105,118,101,114,0,0,0,0,0,0,0,0,0,0,0,0,0,0,0,0,0,0,0,0,0,0,0,0,0,0,0,0,0,0,0,0,0,0,0.01913202152684513
13184,99,111,110,110,101,99,116,105,118,105,116,121,99,111,109,109,117,110,105,99,97,116,105,111,110,112,114,111,98,108,101,109,116,114,121,114,101,113,117,101,115,116,99,111,110,116,97,99,116,117,0.019096877832008606
13184,100,105,114,101,99,116,99,111,110,110,101,99,116,101,114,114,111,114,114,99,102,101,116,110,111,116,112,114,111,99,101,115,115,101,100,98,117,115,105,110,101,115,115,108,111,103,105,99,101,114,0.01904646225087941
13184,101,120,99,101,112,116,105,111,110,0,0,0,0,0,0,0,0,0,0,0,0,0,0,0,0,0,0,0,0,0,0,0,0,0,0,0,0,0,0,0,0,0,0,0,0,0,0,0,0,0,0.01904009258335057
13184,101,120,99,101,112,116,105,111,110,106,97,118,97,108,97,110,103,99,108,97,115,115,100,101,102,102,111,117,110,100,101,114,114,111,114,105,110,105,116,105,97,108,105,122,101,99,108,97,115,115,0.018983773261214493
13184,102,97,105,108,101,100,108,97,112,115,97,110,103,115,101,114,118,105,99,101,105,110,118,111,99,97,116,105,111,110,114,101,113,117,101,115,116,117,114,108,104,116,116,112,109,101,109,98,101,114,0.018832940252638545
13184,104,114,110,113,117,111,116,101,107,101,121,102,97,105,108,117,114,101,0,0,0,0,0,0,0,0,0,0,0,0,0,0,0,0,0,0,0,0,0,0,0,0,0,0,0,0,0,0,0,0,0.018820439458938756
13184,105,110,116,101,114,110,97,108,101,114,114,111,114,117,110,97,98,108,101,109,101,114,103,101,97,114,114,97,121,120,109,108,116,101,109,112,108,97,116,101,101,114,114,111,114,116,104,114,111,119,0.018787318814969835
13184,105,110,116,101,114,110,97,108,97,112,112,108,105,99,97,116,105,111,110,101,114,114,111,114,0,0,0,0,0,0,0,0,0,0,0,0,0,0,0,0,0,0,0,0,0,0,0,0,0,0,0.018771027626848322
13184,105,110,116,101,114,110,97,108,115,101,114,118,101,114,101,114,114,111,114,115,101,114,118,101,114,101,114,114,111,114,105,110,116,101,114,110,97,108,115,101,114,118,101,114,101,114,114,111,114,0,0.01873793052040719
13184,114,101,115,112,111,110,115,101,0,0,0,0,0,0,0,0,0,0,0,0,0,0,0,0,0,0,0,0,0,0,0,0,0,0,0,0,0,0,0,0,0,0,0,0,0,0,0,0,0,0,0.01873242062897968
13184,112,114,111,99,101,115,115,102,97,105,108,0,0,0,0,0,0,0,0,0,0,0,0,0,0,0,0,0,0,0,0,0,0,0,0,0,0,0,0,0,0,0,0,0,0,0,0,0,0,0,0.01872497658307355
13184,112,108,101,97,115,101,101,110,116,101,114,99,111,114,114,101,99,116,97,99,99,101,115,115,99,111,100,101,0,0,0,0,0,0,0,0,0,0,0,0,0,0,0,0,0,0,0,0,0,0,0.01870683855483026
13184,113,117,101,114,121,99,114,101,97,116,101,100,108,111,99,97,116,101,100,115,101,115,115,105,111,110,0,0,0,0,0,0,0,0,0,0,0,0,0,0,0,0,0,0,0,0,0,0,0,0,0.01869001788311788
13184,114,111,108,108,98,97,99,107,111,110,116,105,109,101,111,117,116,0,0,0,0,0,0,0,0,0,0,0,0,0,0,0,0,0,0,0,0,0,0,0,0,0,0,0,0,0,0,0,0,0,0.018678468865419566
13184,114,101,116,117,114,110,116,104,114,101,115,104,111,108,100,101,120,99,101,101,100,101,100,0,0,0,0,0,0,0,0,0,0,0,0,0,0,0,0,0,0,0,0,0,0,0,0,0,0,0,0.01866311469958098
13184,115,121,115,111,102,102,108,105,110,101,0,0,0,0,0,0,0,0,0,0,0,0,0,0,0,0,0,0,0,0,0,0,0,0,0,0,0,0,0,0,0,0,0,0,0,0,0,0,0,0,0.018656283747118904
13184,115,111,114,114,121,99,111,110,110,101,99,116,105,118,105,116,121,99,111,109,109,117,110,105,99,97,116,105,111,110,112,114,111,98,108,101,109,116,114,121,114,101,113,117,101,115,116,99,111,110,0.01861965292273213
13184,115,117,112,112,108,105,101,114,99,111,109,109,117,110,105,99,97,116,105,111,110,112,114,111,98,108,101,109,0,0,0,0,0,0,0,0,0,0,0,0,0,0,0,0,0,0,0,0,0,0,0.018600865957956784
13184,114,101,113,117,101,115,116,99,97,110,112,114,111,99,101,115,115,101,100,116,114,121,0,0,0,0,0,0,0,0,0,0,0,0,0,0,0,0,0,0,0,0,0,0,0,0,0,0,0,0,0.018586529899846604
13184,114,101,113,117,101,115,116,99,97,110,112,114,111,99,101,115,115,101,100,118,101,114,105,102,121,105,110,102,111,114,109,97,116,105,111,110,99,111,114,114,101,99,116,116,114,121,0,0,0,0,0.018557493585999698
13184,116,114,97,118,101,108,110,111,119,99,111,109,115,101,114,118,105,99,101,114,101,113,117,101,115,116,97,117,116,104,101,110,116,105,99,97,116,105,111,110,102,97,105,108,117,114,101,99,105,100,0.01851958780063146
13184,116,114,97,118,101,108,110,111,119,99,111,109,117,110,97,98,108,101,97,112,112,114,111,112,114,105,97,116,101,108,121,99,114,101,97,116,101,98,97,99,107,101,110,100,105,110,102,111,114,109,0.01847505626537513
13184,117,110,97,117,116,104,111,114,105,122,101,100,114,101,113,117,101,115,116,115,99,108,105,101,110,116,109,97,100,101,114,101,113,117,101,115,116,97,117,116,104,111,114,105,122,97,116,105,111,110,0.018442573155295433
13184,117,110,107,110,111,119,110,0,0,0,0,0,0,0,0,0,0,0,0,0,0,0,0,0,0,0,0,0,0,0,0,0,0,0,0,0,0,0,0,0,0,0,0,0,0,0,0,0,0,0,0.01843777707530544
13184,115,111,114,114,121,101,114,114,111,114,111,99,99,117,114,114,101,100,109,97,110,97,103,105,110,103,105,109,97,103,101,115,112,108,101,97,115,101,116,114,121,0,0,0,0,0,0,0,0,0,0.01841281512674625
13184,115,111,114,114,121,117,110,97,98,108,101,112,114,111,99,101,115,115,114,101,113,117,101,115,116,100,117,101,98,97,99,107,101,110,100,99,111,110,110,101,99,116,105,111,110,102,97,105,108,117,0.018381629990696837
13184,115,111,114,114,121,117,110,97,98,108,101,112,114,111,99,101,115,115,114,101,113,117,101,115,116,100,117,101,98,97,99,107,101,110,100,116,105,109,101,111,117,116,0,0,0,0,0,0,0,0,0.018356265224060878
13184,115,111,114,114,121,117,110,97,98,108,101,112,114,111,99,101,115,115,114,101,113,117,101,115,116,100,117,101,117,110,107,110,111,119,110,101,114,114,111,114,101,114,114,111,114,112,114,111,99,101,0.018322010547288856
13184,115,111,114,114,121,117,110,97,98,108,101,112,114,111,99,101,115,115,114,101,113,117,101,115,116,100,117,101,117,110,107,110,111,119,110,101,114,114,111,114,101,114,114,111,114,97,116,108,97,110,0.01828978830077704
13184,115,111,114,114,121,117,110,97,98,108,101,112,114,111,99,101,115,115,114,101,113,117,101,115,116,100,117,101,117,110,107,110,111,119,110,101,114,114,111,114,101,114,114,111,114,97,116,108,97,110,0.018251220392362707
13184,115,111,114,114,121,117,110,97,98,108,101,112,114,111,99,101,115,115,114,101,113,117,101,115,116,100,117,101,117,110,107,110,111,119,110,101,114,114,111,114,101,114,114,111,114,112,114,111,99,101,0.018160585598143743
13184,115,111,114,114,121,97,99,99,101,115,115,114,101,115,111,117,114,99,101,0,0,0,0,0,0,0,0,0,0,0,0,0,0,0,0,0,0,0,0,0,0,0,0,0,0,0,0,0,0,0,0.01814886900328002
13184,115,111,114,114,121,112,101,114,109,105,115,115,105,111,110,114,117,110,114,101,112,111,114,116,0,0,0,0,0,0,0,0,0,0,0,0,0,0,0,0,0,0,0,0,0,0,0,0,0,0,0.018134085956777114
13184,115,101,114,118,105,99,101,114,101,113,117,101,115,116,0,0,0,0,0,0,0,0,0,0,0,0,0,0,0,0,0,0,0,0,0,0,0,0,0,0,0,0,0,0,0,0,0,0,0,0,0.01812522676635329
13184,99,111,109,111,114,98,105,116,122,116,98,115,109,111,100,101,108,115,121,115,116,101,109,101,120,99,101,112,116,105,111,110,117,110,107,110,111,119,110,101,120,99,101,112,116,105,111,110,99,97,0.017899783591165636
13184,99,111,109,111,114,98,105,116,122,116,98,115,109,111,100,101,108,115,121,115,116,101,109,101,120,99,101,112,116,105,111,110,117,110,107,110,111,119,110,101,120,99,101,112,116,105,111,110,99,97,0.017775010408209165
13184,99,111,109,111,114,98,105,116,122,116,98,115,109,111,100,101,108,115,121,115,116,101,109,101,120,99,101,112,116,105,111,110,117,110,107,110,111,119,110,101,120,99,101,112,116,105,111,110,99,97,0.01753593620403432
13184,101,114,114,111,114,117,110,107,110,111,119,110,99,111,109,104,111,116,101,108,115,115,101,114,118,105,99,101,105,110,116,101,103,114,97,116,105,111,110,106,97,118,101,120,106,97,118,101,120,99,0.017469009025098264
13184,101,114,114,111,114,112,114,111,99,101,115,115,102,97,105,108,0,0,0,0,0,0,0,0,0,0,0,0,0,0,0,0,0,0,0,0,0,0,0,0,0,0,0,0,0,0,0,0,0,0,0.017459528876541154
13184,106,97,118,97,108,97,110,103,110,117,108,108,112,111,105,110,116,101,114,101,120,99,101,112,116,105,111,110,115,101,114,118,101,114,101,114,114,111,114,0,0,0,0,0,0,0,0,0,0,0,0.017436418495209573
13184,110,117,108,108,101,114,114,111,114,115,101,114,118,101,114,101,114,114,111,114,103,101,110,101,114,105,99,116,114,97,118,101,108,115,101,114,118,101,114,101,114,114,111,114,101,120,112,101,100,105,0.017404044203137167
13184,117,110,97,98,108,101,112,114,111,99,101,115,115,114,101,113,117,101,115,116,100,117,101,117,110,107,110,111,119,110,101,114,114,111,114,101,114,114,111,114,116,114,105,112,0,0,0,0,0,0,0.017379374739183783
103,108,97,110,103,117,97,103,101,99,111,100,101,110,101,101,100,101,100,108,97,110,103,117,97,103,101,116,114,97,110,115,108,97,116,105,111,110,0,0,0,0,0,0,0,0,0,0,0,0,0,0.019188541143980588
103,109,97,120,105,109,117,109,112,101,111,112,108,101,97,108,108,111,119,101,100,115,116,97,121,114,111,111,109,0,0,0,0,0,0,0,0,0,0,0,0,0,0,0,0,0,0,0,0,0,0,0.01917160013571251
103,112,97,103,101,110,101,101,100,101,100,108,97,110,103,117,97,103,101,116,114,97,110,115,108,97,116,105,111,110,0,0,0,0,0,0,0,0,0,0,0,0,0,0,0,0,0,0,0,0,0,0.019154094750584248
103,118,97,108,105,100,108,97,110,103,117,97,103,101,99,111,100,101,110,101,101,100,101,100,116,114,97,110,115,108,97,116,105,111,110,114,101,113,117,101,115,116,0,0,0,0,0,0,0,0,0,0.019129289498195187
103,97,99,116,105,118,105,116,121,112,117,114,99,104,97,115,101,114,101,113,117,105,114,101,100,0,0,0,0,0,0,0,0,0,0,0,0,0,0,0,0,0,0,0,0,0,0,0,0,0,0,0.019113985504303477
103,105,110,118,101,110,116,111,114,105,101,115,117,110,115,117,99,99,101,115,115,102,117,108,0,0,0,0,0,0,0,0,0,0,0,0,0,0,0,0,0,0,0,0,0,0,0,0,0,0,0,0.019099219743210393
103,99,97,99,104,101,100,97,118,97,105,108,97,98,105,108,105,116,121,102,111,117,110,100,112,108,101,97,115,101,114,101,105,115,115,117,101,97,118,97,105,108,97,98,105,108,105,116,121,0,0,0.01907022633503028
103,98,111,111,107,100,97,121,115,97,100,118,97,110,99,101,0,0,0,0,0,0,0,0,0,0,0,0,0,0,0,0,0,0,0,0,0,0,0,0,0,0,0,0,0,0,0,0,0,0,0,0.019061342099552313
103,99,104,111,111,115,101,97,110,111,116,104,101,114,104,111,116,101,108,116,114,121,0,0,0,0,0,0,0,0,0,0,0,0,0,0,0,0,0,0,0,0,0,0,0,0,0,0,0,0,0,0.01904816832950947
103,99,105,116,121,100,101,116,101,114,109,105,110,101,100,108,111,99,97,116,105,111,110,99,111,100,101,99,105,116,121,99,111,117,110,116,114,121,118,97,108,105,100,99,111,109,98,105,110,97,116,0.01901597194640906
103,100,97,116,97,118,97,108,105,100,97,116,105,111,110,0,0,0,0,0,0,0,0,0,0,0,0,0,0,0,0,0,0,0,0,0,0,0,0,0,0,0,0,0,0,0,0,0,0,0,0,0.019007315036649156
103,100,97,116,97,114,101,113,117,101,115,116,118,97,108,105,100,97,116,101,100,109,117,108,116,105,112,108,101,108,111,99,97,116,105,111,110,115,105,100,101,110,116,105,102,105,101,100,112,108,101,0.01896586077720719
103,104,111,116,101,108,114,101,99,111,103,110,105,122,101,100,0,0,0,0,0,0,0,0,0,0,0,0,0,0,0,0,0,0,0,0,0,0,0,0,0,0,0,0,0,0,0,0,0,0,0,0.018956619498068254
103,104,111,116,101,108,111,118,101,114,118,105,101,119,105,110,102,111,114,109,97,116,105,111,110,97,118,97,105,108,97,98,108,101,0,0,0,0,0,0,0,0,0,0,0,0,0,0,0,0,0,0.018936461862227864
103,104,111,116,101,108,102,111,117,110,100,0,0,0,0,0,0,0,0,0,0,0,0,0,0,0,0,0,0,0,0,0,0,0,0,0,0,0,0,0,0,0,0,0,0,0,0,0,0,0,0,0.01893026517493935
103,104,111,116,101,108,114,111,111,109,116,121,112,101,102,111,117,110,100,104,111,116,101,108,112,108,101,97,115,101,115,101,108,101,99,116,100,105,102,102,101,114,101,110,116,114,111,111,109,100,97,0.018841464885183214
103,105,110,99,111,114,114,101,99,116,120,109,108,102,111,114,109,97,116,112,108,101,97,115,101,99,104,101,99,107,109,105,115,115,105,110,103,101,108,101,109,101,110,116,115,111,100,100,99,104,97,0.018808170307265618
103,105,110,99,111,114,114,101,99,116,102,111,114,109,97,116,98,101,100,116,121,112,101,112,114,101,102,101,114,101,110,99,101,0,0,0,0,0,0,0,0,0,0,0,0,0,0,0,0,0,0,0.0187890934150897
103,105,110,99,111,114,114,101,99,116,118,97,108,117,101,115,116,97,114,114,97,116,105,110,103,0,0,0,0,0,0,0,0,0,0,0,0,0,0,0,0,0,0,0,0,0,0,0,0,0,0,0.018774568443079807
103,105,110,118,97,108,105,100,101,120,112,105,114,101,100,99,111,100,101,0,0,0,0,0,0,0,0,0,0,0,0,0,0,0,0,0,0,0,0,0,0,0,0,0,0,0,0,0,0,0,0,0.01876388267422802
103,105,110,118,101,110,116,111,114,121,115,111,117,114,99,101,105,110,102,111,114,109,97,116,105,111,110,109,105,115,109,97,116,99,104,0,0,0,0,0,0,0,0,0,0,0,0,0,0,0,0,0.01874299929647579
103,109,105,110,105,109,117,109,110,117,109,98,101,114,110,105,103,104,116,115,114,101,113,117,105,114,101,100,0,0,0,0,0,0,0,0,0,0,0,0,0,0,0,0,0,0,0,0,0,0,0,0.01872664917256966
103,109,117,115,116,115,117,112,112,108,121,99,104,105,108,100,114,101,110,97,103,101,0,0,0,0,0,0,0,0,0,0,0,0,0,0,0,0,0,0,0,0,0,0,0,0,0,0,0,0,0,0.01871391915562624
103,110,111,114,101,115,117,108,116,115,102,111,117,110,100,0,0,0,0,0,0,0,0,0,0,0,0,0,0,0,0,0,0,0,0,0,0,0,0,0,0,0,0,0,0,0,0,0,0,0,0,0.01870514677831307
103,118,97,99,97,110,99,121,112,108,101,97,115,101,116,114,121,100,105,102,102,101,114,101,110,116,100,97,116,101,115,110,101,97,114,98,121,104,111,116,101,108,115,0,0,0,0,0,0,0,0,0.018680844728526158
103,102,111,117,110,100,100,97,116,97,98,97,115,101,0,0,0,0,0,0,0,0,0,0,0,0,0,0,0,0,0,0,0,0,0,0,0,0,0,0,0,0,0,0,0,0,0,0,0,0,0,0.018673311667963283
103,112,114,105,99,101,109,105,115,109,97,116,99,104,0,0,0,0,0,0,0,0,0,0,0,0,0,0,0,0,0,0,0,0,0,0,0,0,0,0,0,0,0,0,0,0,0,0,0,0,0,0.01866549213906028
103,112,108,101,97,115,101,101,110,116,101,114,99,105,116,121,97,110,100,111,114,115,116,97,116,101,110,97,109,101,115,101,97,114,99,104,0,0,0,0,0,0,0,0,0,0,0,0,0,0,0,0.018645502949108623
103,112,108,101,97,115,101,101,110,116,101,114,118,97,108,105,100,99,111,117,110,116,114,121,99,111,100,101,0,0,0,0,0,0,0,0,0,0,0,0,0,0,0,0,0,0,0,0,0,0,0,0.018629680154903044
103,112,108,101,97,115,101,101,110,116,101,114,118,97,108,105,100,104,111,116,101,108,0,0,0,0,0,0,0,0,0,0,0,0,0,0,0,0,0,0,0,0,0,0,0,0,0,0,0,0,0,0.01861738790350862
103,112,108,101,97,115,101,101,110,116,101,114,118,97,108,105,100,115,116,97,116,101,99,111,100,101,0,0,0,0,0,0,0,0,0,0,0,0,0,0,0,0,0,0,0,0,0,0,0,0,0,0.018602976158014956
103,112,108,101,97,115,101,110,97,114,114,111,119,115,101,97,114,99,104,101,110,116,101,114,105,110,103,97,100,100,105,116,105,111,110,97,108,99,114,105,116,101,114,105,97,0,0,0,0,0,0,0.01857774818528697
103,112,108,101,97,115,101,110,97,114,114,111,119,115,101,97,114,99,104,101,110,116,101,114,105,110,103,100,101,115,116,105,110,97,116,105,111,110,105,110,102,111,114,109,97,116,105,111,110,108,97,0.018536398531836036
103,112,108,101,97,115,101,110,97,114,114,111,119,115,101,97,114,99,104,115,112,101,99,105,102,121,105,110,103,112,97,114,97,109,101,116,101,114,115,0,0,0,0,0,0,0,0,0,0,0,0,0.018514359995515033
103,112,108,101,97,115,101,110,97,114,114,111,119,115,101,97,114,99,104,101,110,116,101,114,105,110,103,99,105,116,121,110,97,109,101,0,0,0,0,0,0,0,0,0,0,0,0,0,0,0,0,0.018495073569289713
103,112,108,101,97,115,101,112,114,111,118,105,100,101,99,104,101,99,107,105,110,100,97,116,101,99,111,110,102,105,114,109,97,116,105,111,110,110,117,109,98,101,114,115,101,97,114,99,104,0,0,0.018468063157548512
103,112,108,101,97,115,101,112,114,111,118,105,100,101,108,97,116,105,116,117,100,101,100,101,99,105,109,97,108,99,111,111,114,100,105,110,97,116,101,115,101,97,114,99,104,0,0,0,0,0,0,0.018443136658880272
103,112,108,101,97,115,101,112,114,111,118,105,100,101,108,111,110,103,105,116,117,100,101,100,101,99,105,109,97,108,99,111,111,114,100,105,110,97,116,101,115,101,97,114,99,104,0,0,0,0,0,0.018417669961852023
103,112,108,101,97,115,101,112,114,111,118,105,100,101,100,101,99,105,109,97,108,108,97,116,105,116,117,100,101,108,111,110,103,105,116,117,100,101,99,111,111,114,100,105,110,97,116,101,115,115,101,0.018387131437198473
103,112,108,101,97,115,101,112,114,111,118,105,100,101,111,110,101,118,97,108,105,100,97,109,101,110,105,116,121,99,111,100,101,115,115,101,97,114,99,104,0,0,0,0,0,0,0,0,0,0,0,0.01836558951819665
103,112,108,101,97,115,101,116,114,121,100,105,102,102,101,114,101,110,116,100,97,116,101,115,110,101,97,114,98,121,104,111,116,101,108,115,0,0,0,0,0,0,0,0,0,0,0,0,0,0,0,0.018345733887619054
103,112,114,105,99,105,110,103,101,114,114,111,114,114,101,116,114,105,101,118,101,114,97,116,101,105,110,102,111,114,109,97,116,105,111,110,114,101,113,117,101,115,116,101,100,116,105,109,101,0,0,0.018319342381790494
103,112,114,111,98,108,101,109,103,101,116,116,105,110,103,100,101,116,97,105,108,101,100,114,111,111,109,97,118,97,105,108,120,109,108,119,115,114,97,116,101,100,101,116,97,105,108,116,104,114,101,0.018280759664128062
103,112,114,111,112,101,114,116,121,108,111,110,103,101,114,97,118,97,105,108,97,98,108,101,0,0,0,0,0,0,0,0,0,0,0,0,0,0,0,0,0,0,0,0,0,0,0,0,0,0,0,0.018267719794147652
103,112,114,111,112,101,114,116,121,108,111,111,107,117,112,102,97,105,108,101,100,115,117,112,112,108,105,101,114,104,111,116,101,108,105,100,113,117,101,114,121,99,97,110,112,114,111,99,101,101,100,0.018240229712723332
103,114,101,102,101,114,109,117,108,116,105,112,108,101,108,111,99,97,116,105,111,110,115,102,97,113,100,101,116,97,105,108,115,114,101,99,111,118,101,114,105,110,103,116,121,112,101,115,101,114,114,0.018211428130310882
103,115,112,101,99,105,102,105,101,100,97,114,114,105,118,97,108,100,97,116,101,112,114,105,111,114,116,111,100,97,121,115,100,97,116,101,0,0,0,0,0,0,0,0,0,0,0,0,0,0,0,0.018192163375776588
103,115,112,101,99,105,102,105,101,100,99,105,116,121,114,101,115,111,108,118,101,100,118,97,108,105,100,108,111,99,97,116,105,111,110,0,0,0,0,0,0,0,0,0,0,0,0,0,0,0,0,0.018173529486994418
103,115,117,112,112,108,105,101,114,114,101,116,117,114,110,116,101,120,116,110,117,108,108,117,110,112,97,114,115,97,98,108,101,0,0,0,0,0,0,0,0,0,0,0,0,0,0,0,0,0,0,0.018155232449539895
103,115,117,112,112,108,105,101,114,114,101,99,111,103,110,105,122,101,100,0,0,0,0,0,0,0,0,0,0,0,0,0,0,0,0,0,0,0,0,0,0,0,0,0,0,0,0,0,0,0,0,0.018144955204533967
103,103,117,101,115,116,115,116,97,103,108,97,114,103,101,115,109,97,108,108,98,97,115,101,100,115,112,101,99,105,102,105,101,100,110,117,109,98,101,114,114,111,111,109,115,116,97,103,0,0,0,0.01812173031712828
103,104,111,116,101,108,105,100,101,110,116,105,102,105,101,114,117,115,101,100,97,108,111,110,103,105,100,101,110,116,105,102,105,101,114,108,111,99,97,116,105,111,110,105,100,109,97,114,107,101,116,0.018087558992101627
103,97,109,101,110,105,116,121,99,111,100,101,105,110,118,97,108,105,100,0,0,0,0,0,0,0,0,0,0,0,0,0,0,0,0,0,0,0,0,0,0,0,0,0,0,0,0,0,0,0,0,0.01807770937829165
103,99,104,97,105,110,99,111,100,101,105,110,118,97,108,105,100,0,0,0,0,0,0,0,0,0,0,0,0,0,0,0,0,0,0,0,0,0,0,0,0,0,0,0,0,0,0,0,0,0,0,0.01806915897681649
103,99,108,105,101,110,116,114,101,113,117,101,115,116,108,97,99,107,101,100,108,111,99,97,116,105,111,110,105,110,102,111,104,111,116,101,108,115,104,111,112,112,105,110,103,114,101,113,117,101,115,0.01804163474593627
103,99,108,105,101,110,116,114,101,113,117,101,115,116,115,98,97,100,101,110,100,100,101,112,97,114,116,97,114,114,105,118,101,100,97,116,101,115,0,0,0,0,0,0,0,0,0,0,0,0,0,0.018021864856571798
103,99,108,105,101,110,116,114,101,113,117,101,115,116,115,98,97,100,115,116,97,114,116,98,101,103,105,110,100,101,112,97,114,116,97,114,114,105,118,101,100,97,116,101,115,0,0,0,0,0,0,0.017998554316157787
103,104,111,116,101,108,115,101,108,101,99,116,101,100,108,111,110,103,101,114,97,118,97,105,108,97,98,108,101,112,108,101,97,115,101,99,104,111,111,115,101,97,110,111,116,104,101,114,0,0,0,0.017974144982552266
103,108,111,99,97,108,101,118,97,108,105,100,0,0,0,0,0,0,0,0,0,0,0,0,0,0,0,0,0,0,0,0,0,0,0,0,0,0,0,0,0,0,0,0,0,0,0,0,0,0,0,0.017968319045086334
103,108,111,99,97,116,105,111,110,115,111,108,118,101,100,109,97,114,107,101,116,108,111,99,97,116,105,111,110,115,101,114,118,105,99,101,99,108,105,101,110,116,114,101,113,117,101,115,116,115,108,0.017937168922341224
103,110,117,109,98,101,114,104,111,116,101,108,103,117,101,115,116,115,101,120,99,101,101,100,115,97,108,108,111,119,97,98,108,101,110,117,109,98,101,114,112,101,114,104,111,116,101,108,114,111,111,0.017910789329408965
103,110,117,109,98,101,114,114,111,111,109,115,114,101,113,117,101,115,116,103,114,101,97,116,101,114,0,0,0,0,0,0,0,0,0,0,0,0,0,0,0,0,0,0,0,0,0,0,0,0,0,0.017897313172437212
103,114,97,116,105,110,103,99,111,100,101,105,110,118,97,108,105,100,0,0,0,0,0,0,0,0,0,0,0,0,0,0,0,0,0,0,0,0,0,0,0,0,0,0,0,0,0,0,0,0,0,0.017888268479425068
103,114,111,111,109,116,121,112,101,114,97,116,101,115,101,108,101,99,116,101,100,108,111,110,103,101,114,97,118,97,105,108,97,98,108,101,112,108,101,97,115,101,99,104,111,111,115,101,97,110,111,0.01784712938280548
103,115,101,115,115,105,111,110,101,120,112,105,114,101,100,0,0,0,0,0,0,0,0,0,0,0,0,0,0,0,0,0,0,0,0,0,0,0,0,0,0,0,0,0,0,0,0,0,0,0,0,0.017839434165177165
103,104,111,116,101,108,115,111,108,117,116,105,111,110,115,102,111,117,110,100,99,114,105,116,101,114,105,97,115,112,101,99,105,102,105,101,100,0,0,0,0,0,0,0,0,0,0,0,0,0,0,0.017820520793744028
103,101,114,114,111,114,120,109,108,114,101,113,117,101,115,116,115,116,114,117,99,116,117,114,101,99,111,114,114,101,99,116,120,109,108,119,101,108,108,102,111,114,109,101,100,97,110,100,111,114,116,0.0177884691906024
103,109,117,115,116,108,101,97,115,116,111,110,101,97,100,117,108,116,101,118,101,114,121,114,111,111,109,115,117,105,116,101,114,101,115,101,114,118,101,0,0,0,0,0,0,0,0,0,0,0,0,0.017769299484310216
103,111,114,100,101,114,98,121,116,121,112,101,113,117,101,114,121,118,97,108,105,100,112,108,101,97,115,101,116,114,121,0,0,0,0,0,0,0,0,0,0,0,0,0,0,0,0,0,0,0,0,0.017753332368156623
103,112,114,111,100,117,99,116,99,117,114,114,101,110,116,108,121,97,118,97,105,108,97,98,108,101,114,101,113,117,101,115,116,101,100,112,114,111,100,117,99,116,97,118,97,105,108,97,98,108,101,0.01772721352657171
103,114,101,115,101,114,118,97,116,105,111,110,99,97,110,112,114,111,99,101,115,115,101,100,100,97,121,115,99,111,114,114,101,99,116,105,110,102,111,114,109,97,116,105,111,110,116,114,121,0,0,0.017703261170607592
103,115,111,114,116,98,121,116,121,112,101,113,117,101,114,121,118,97,108,105,100,112,108,101,97,115,101,116,114,121,0,0,0,0,0,0,0,0,0,0,0,0,0,0,0,0,0,0,0,0,0,0.017687843543978912
103,97,99,99,101,112,116,114,101,115,101,114,118,97,116,105,111,110,108,111,110,103,101,114,100,97,121,115,0,0,0,0,0,0,0,0,0,0,0,0,0,0,0,0,0,0,0,0,0,0,0,0.017673956716216483
103,99,108,105,101,110,116,114,101,113,117,101,115,116,105,110,99,108,117,100,101,112,111,115,105,110,102,111,0,0,0,0,0,0,0,0,0,0,0,0,0,0,0,0,0,0,0,0,0,0,0,0.017660012344112814
103,120,109,108,119,101,108,108,102,111,114,109,101,100,0,0,0,0,0,0,0,0,0,0,0,0,0,0,0,0,0,0,0,0,0,0,0,0,0,0,0,0,0,0,0,0,0,0,0,0,0,0.017653175764535907
103,99,97,110,98,111,111,107,114,111,111,109,115,116,105,109,101,0,0,0,0,0,0,0,0,0,0,0,0,0,0,0,0,0,0,0,0,0,0,0,0,0,0,0,0,0,0,0,0,0,0,0.01764524781400897
103,101,120,99,101,101,100,101,100,109,97,120,105,109,117,109,110,117,109,98,101,114,104,111,116,101,108,115,114,101,113,117,101,115,116,0,0,0,0,0,0,0,0,0,0,0,0,0,0,0,0,0.01762796876640502
103,99,111,109,116,114,97,118,101,108,110,111,119,115,117,112,112,108,105,101,114,104,111,116,101,108,109,101,114,99,104,97,110,116,116,114,97,110,115,108,97,116,111,114,116,114,97,110,115,108,97,0.017575490716601663
103,99,111,109,116,114,97,118,101,108,110,111,119,115,117,112,112,108,105,101,114,104,111,116,101,108,109,101,114,99,104,97,110,116,116,114,97,110,115,108,97,116,111,114,116,114,97,110,115,108,97,0.01752737234792598
103,100,97,121,115,97,100,118,97,110,99,101,109,97,120,105,109,117,109,99,97,110,115,101,97,114,99,104,101,100,0,0,0,0,0,0,0,0,0,0,0,0,0,0,0,0,0,0,0,0,0,0.017512925199285566
103,101,114,114,111,114,115,115,117,112,112,108,105,101,114,104,111,116,101,108,110,111,108,111,110,103,101,114,101,114,114,111,114,115,117,112,112,108,105,101,114,0,0,0,0,0,0,0,0,0,0,0.017491330399817578
103,109,121,115,116,105,113,117,101,114,97,116,101,98,114,101,97,107,100,111,119,110,0,0,0,0,0,0,0,0,0,0,0,0,0,0,0,0,0,0,0,0,0,0,0,0,0,0,0,0,0,0.017480073034984934
103,109,121,115,116,105,113,117,101,114,97,116,101,118,97,108,105,100,97,116,105,111,110,0,0,0,0,0,0,0,0,0,0,0,0,0,0,0,0,0,0,0,0,0,0,0,0,0,0,0,0,0.017468288572161362
103,115,112,101,99,105,102,105,101,100,97,114,114,105,118,97,108,100,97,116,101,112,114,105,111,114,116,111,100,97,121,115,100,97,116,101,99,111,114,114,101,99,116,105,110,102,111,114,109,97,116,0.0174404705297117
103,116,105,109,101,115,116,97,114,116,116,105,109,101,101,110,100,118,97,108,105,100,100,97,116,101,121,109,100,121,109,100,0,0,0,0,0,0,0,0,0,0,0,0,0,0,0,0,0,0,0,0.017425372914063566
206,97,103,101,110,116,97,116,116,101,110,116,105,111,110,114,101,115,101,114,118,97,116,105,111,110,114,101,113,117,105,114,101,115,97,103,101,110,116,99,111,110,102,105,114,109,97,103,101,110,116,0.01779503688145026
206,97,108,114,101,97,100,121,98,111,111,107,101,100,0,0,0,0,0,0,0,0,0,0,0,0,0,0,0,0,0,0,0,0,0,0,0,0,0,0,0,0,0,0,0,0,0,0,0,0,0,0.017788223700197853
206,97,100,100,105,116,105,111,110,97,108,97,103,101,110,116,97,116,116,101,110,116,105,111,110,114,101,113,117,105,114,101,100,114,101,115,101,114,118,97,116,105,111,110,0,0,0,0,0,0,0,0.01776570378942218
206,97,103,101,110,116,119,97,105,116,105,110,103,115,117,112,112,108,105,101,114,99,111,110,102,105,114,109,97,116,105,111,110,110,117,109,98,101,114,0,0,0,0,0,0,0,0,0,0,0,0,0.017745863159796024
206,97,108,116,101,114,110,97,116,101,112,104,111,110,101,109,117,115,116,110,117,109,101,114,105,99,105,110,99,108,117,100,101,97,114,101,97,99,111,100,101,0,0,0,0,0,0,0,0,0,0,0.01772571822099692
206,100,97,116,97,114,101,113,117,101,115,116,118,97,108,105,100,97,116,101,100,118,97,108,105,100,102,105,114,115,116,108,97,115,116,110,97,109,101,111,110,101,97,100,117,108,116,103,117,101,115,0.01769548185283163
206,100,97,116,97,114,101,113,117,101,115,116,118,97,108,105,100,97,116,101,100,108,97,115,116,110,97,109,101,99,111,110,116,97,105,110,115,105,110,118,97,108,105,100,105,110,115,117,102,102,105,0.01766725285743657
206,100,97,116,97,114,101,113,117,101,115,116,118,97,108,105,100,97,116,101,100,115,112,101,99,105,102,105,101,100,101,109,97,105,108,97,100,100,114,101,115,115,114,101,115,111,108,118,101,100,112,0.017639978259040148
206,100,97,116,97,114,101,113,117,101,115,116,118,97,108,105,100,97,116,101,100,102,105,114,115,116,110,97,109,101,99,111,110,116,97,105,110,115,105,110,118,97,108,105,100,105,110,115,117,102,102,0.01761137716947539
206,100,97,116,101,102,111,114,109,97,116,101,120,105,115,116,0,0,0,0,0,0,0,0,0,0,0,0,0,0,0,0,0,0,0,0,0,0,0,0,0,0,0,0,0,0,0,0,0,0,0,0.017603651057834648
206,100,117,112,108,105,99,97,116,101,114,101,115,101,114,118,97,116,105,111,110,114,101,113,117,101,115,116,0,0,0,0,0,0,0,0,0,0,0,0,0,0,0,0,0,0,0,0,0,0,0,0.017589457881032205
206,101,114,114,111,114,117,110,109,97,114,115,104,97,108,105,110,103,114,101,113,117,101,115,116,117,115,105,110,103,102,97,115,116,105,110,102,111,115,101,116,99,111,109,101,120,112,101,100,105,97,0.01749416550967389
206,102,97,105,108,117,114,101,118,97,108,105,100,97,116,101,98,111,111,107,105,110,103,0,0,0,0,0,0,0,0,0,0,0,0,0,0,0,0,0,0,0,0,0,0,0,0,0,0,0,0,0.017483059751377122
206,102,105,110,97,108,114,101,115,101,114,118,97,116,105,111,110,112,114,105,99,101,99,104,101,99,107,102,97,105,108,101,100,98,111,111,107,105,110,103,113,117,111,116,101,107,101,121,0,0,0,0.017459829209094606
206,102,105,110,97,108,114,101,115,101,114,118,97,116,105,111,110,112,114,105,99,101,99,104,101,99,107,102,97,105,108,101,100,98,111,111,107,105,110,103,114,97,116,101,114,101,113,117,101,115,116,0.01742305415458941
206,104,111,109,101,112,104,111,110,101,109,117,115,116,110,117,109,101,114,105,99,105,110,99,108,117,100,101,97,114,101,97,99,111,100,101,0,0,0,0,0,0,0,0,0,0,0,0,0,0,0,0.017406241927079912
206,104,111,116,101,108,98,111,111,107,105,110,103,101,114,114,111,114,98,111,111,107,101,100,114,97,116,101,101,120,99,101,101,100,115,113,117,111,116,101,100,114,97,116,101,98,111,111,107,105,110,0.017367792139860547
206,104,111,116,101,108,98,111,111,107,105,110,103,101,114,114,111,114,98,111,111,107,105,110,103,101,114,114,111,114,0,0,0,0,0,0,0,0,0,0,0,0,0,0,0,0,0,0,0,0,0,0.017353280774315822
206,104,111,116,101,108,98,111,111,107,105,110,103,101,114,114,111,114,114,97,116,101,97,118,97,105,108,97,98,108,101,0,0,0,0,0,0,0,0,0,0,0,0,0,0,0,0,0,0,0,0,0.0173385555870784
206,104,111,116,101,108,98,111,111,107,105,110,103,101,114,114,111,114,100,111,117,98,108,101,98,111,111,107,0,0,0,0,0,0,0,0,0,0,0,0,0,0,0,0,0,0,0,0,0,0,0,0.017325212311536577
206,104,111,116,101,108,98,111,111,107,105,110,103,101,114,114,111,114,116,114,121,0,0,0,0,0,0,0,0,0,0,0,0,0,0,0,0,0,0,0,0,0,0,0,0,0,0,0,0,0,0,0.01731509845993401
206,104,111,116,101,108,98,111,111,107,105,110,118,97,108,105,100,105,110,105,116,105,97,108,115,109,117,115,116,97,108,112,104,97,110,117,109,101,114,105,99,99,104,97,114,97,99,116,101,114,115,0.017279179213237992
206,104,111,116,101,108,114,111,111,109,117,110,97,118,97,105,108,97,98,108,101,104,111,116,101,108,105,100,114,97,116,101,99,111,100,101,114,111,111,109,99,111,100,101,114,97,116,101,97,99,99,0.01724320107645841
206,105,116,105,110,101,114,97,114,121,97,108,114,101,97,100,121,98,111,111,107,101,100,0,0,0,0,0,0,0,0,0,0,0,0,0,0,0,0,0,0,0,0,0,0,0,0,0,0,0,0,0.017232233134848104
206,105,110,102,111,114,109,97,116,105,111,110,114,101,113,117,105,114,101,100,112,114,111,99,101,115,115,105,110,103,114,101,113,117,101,115,116,99,114,101,97,116,101,100,114,101,113,117,101,115,116,0.01720008139871751
206,105,110,118,97,108,105,100,99,111,117,110,116,114,121,99,111,100,101,0,0,0,0,0,0,0,0,0,0,0,0,0,0,0,0,0,0,0,0,0,0,0,0,0,0,0,0,0,0,0,0,0.017191094270883136
206,105,110,118,97,108,105,100,110,117,109,98,101,114,97,114,103,117,109,101,110,116,115,0,0,0,0,0,0,0,0,0,0,0,0,0,0,0,0,0,0,0,0,0,0,0,0,0,0,0,0,0.017180218214013852
206,105,110,118,97,108,105,100,114,111,111,109,103,117,101,115,116,99,111,117,110,116,112,108,101,97,115,101,112,114,111,118,105,100,101,103,117,101,115,116,110,97,109,101,114,111,111,109,0,0,0,0.017157921806539682
206,108,97,115,116,110,97,109,101,109,117,115,116,108,101,97,115,116,116,119,111,99,104,97,114,97,99,116,101,114,115,114,111,111,109,105,110,118,97,108,105,100,108,97,115,116,110,97,109,101,0,0.017134924463231883
206,109,105,115,115,105,110,103,99,111,110,102,105,114,109,97,116,105,111,110,110,117,109,98,101,114,0,0,0,0,0,0,0,0,0,0,0,0,0,0,0,0,0,0,0,0,0,0,0,0,0,0.017122585073830358
206,109,105,115,115,105,110,103,105,110,118,101,110,116,111,114,121,115,111,117,114,99,101,99,111,100,101,0,0,0,0,0,0,0,0,0,0,0,0,0,0,0,0,0,0,0,0,0,0,0,0,0.01710974297334694
206,109,105,115,115,105,110,103,114,111,111,109,116,121,112,101,114,97,116,101,112,108,97,110,99,111,100,101,0,0,0,0,0,0,0,0,0,0,0,0,0,0,0,0,0,0,0,0,0,0,0,0.01709693992513974
206,109,117,108,116,105,112,108,101,98,111,111,107,105,110,103,112,114,111,103,114,101,115,115,112,108,101,97,115,101,114,101,116,114,121,0,0,0,0,0,0,0,0,0,0,0,0,0,0,0,0,0.017080393552546605
206,97,118,97,105,108,97,98,105,108,116,121,102,111,117,110,100,114,101,115,101,114,118,97,116,105,111,110,114,101,113,117,101,115,116,112,108,101,97,115,101,116,114,121,99,111,114,114,101,99,116,0.016978411478001873
206,111,110,101,114,111,111,109,116,105,109,101,109,97,121,114,101,115,101,114,118,101,100,0,0,0,0,0,0,0,0,0,0,0,0,0,0,0,0,0,0,0,0,0,0,0,0,0,0,0,0,0.016968373835597617
206,112,108,101,97,115,101,114,101,115,117,98,109,105,116,98,111,111,107,105,110,103,114,101,113,117,101,115,116,0,0,0,0,0,0,0,0,0,0,0,0,0,0,0,0,0,0,0,0,0,0,0.016954968495903867
206,112,111,115,116,97,108,99,111,100,101,99,111,110,116,97,105,110,115,105,110,118,97,108,105,100,105,110,115,117,102,102,105,99,105,101,110,116,100,97,116,97,0,0,0,0,0,0,0,0,0,0.016935854417060282
206,112,114,105,99,101,99,104,97,110,103,101,104,97,112,112,101,110,101,100,103,105,118,101,110,112,114,111,100,117,99,116,117,115,100,112,114,105,99,101,99,104,97,110,103,101,100,99,111,109,111,0.016785047481426833
206,112,114,105,99,101,99,104,97,110,103,101,100,0,0,0,0,0,0,0,0,0,0,0,0,0,0,0,0,0,0,0,0,0,0,0,0,0,0,0,0,0,0,0,0,0,0,0,0,0,0,0.016779619289253315
206,112,114,111,112,101,114,116,121,97,118,97,105,108,97,98,108,101,98,111,111,107,105,110,103,116,105,109,101,0,0,0,0,0,0,0,0,0,0,0,0,0,0,0,0,0,0,0,0,0,0,0.01676673863536313
206,114,97,116,101,97,118,97,105,108,97,98,108,101,0,0,0,0,0,0,0,0,0,0,0,0,0,0,0,0,0,0,0,0,0,0,0,0,0,0,0,0,0,0,0,0,0,0,0,0,0,0.016760829288234202
206,114,101,115,101,114,118,97,116,105,111,110,114,101,113,117,101,115,116,100,117,112,108,105,99,97,116,101,100,112,108,101,97,115,101,99,111,114,114,101,99,116,105,110,102,111,114,109,97,116,105,0.016732676642995638
206,114,101,115,101,114,118,97,116,105,111,110,114,101,113,117,105,114,101,115,97,103,101,110,116,99,111,110,102,105,114,109,0,0,0,0,0,0,0,0,0,0,0,0,0,0,0,0,0,0,0,0.016718187530494054
206,114,101,115,101,114,118,97,116,105,111,110,108,111,99,107,101,100,0,0,0,0,0,0,0,0,0,0,0,0,0,0,0,0,0,0,0,0,0,0,0,0,0,0,0,0,0,0,0,0,0,0.016710251519978545
206,114,111,111,109,99,111,100,101,105,110,118,97,108,105,100,0,0,0,0,0,0,0,0,0,0,0,0,0,0,0,0,0,0,0,0,0,0,0,0,0,0,0,0,0,0,0,0,0,0,0,0.016703358470264378
206,115,111,108,100,111,117,116,114,111,111,109,116,114,121,105,110,103,98,111,111,107,115,111,108,100,112,108,101,97,115,101,99,104,111,111,115,101,97,110,111,116,104,101,114,101,114,114,111,114,115,0.016656000830656874
206,115,111,114,114,121,97,118,97,105,108,97,98,105,108,105,116,121,102,111,117,110,100,114,101,115,101,114,118,97,116,105,111,110,114,101,113,117,101,115,116,118,101,114,105,102,121,97,110,111,116,0.01661535491287427
206,115,117,112,112,108,105,101,114,114,101,97,100,121,0,0,0,0,0,0,0,0,0,0,0,0,0,0,0,0,0,0,0,0,0,0,0,0,0,0,0,0,0,0,0,0,0,0,0,0,0,0.01660929872529558
206,99,111,114,112,111,114,97,116,101,110,117,109,98,101,114,115,117,112,112,108,105,101,100,105,110,118,97,108,105,100,112,108,101,97,115,101,99,111,114,114,101,99,116,100,101,108,101,116,101,105,0.016581521408947003
206,99,111,114,112,111,114,97,116,101,101,110,116,101,114,101,100,99,111,110,116,97,105,110,101,100,105,108,108,101,103,97,108,99,104,97,114,97,99,116,101,114,115,112,108,101,97,115,101,99,111,0.016557761529298463
206,102,114,101,113,117,101,110,116,103,117,101,115,116,101,110,116,101,114,101,100,99,111,110,116,97,105,110,101,100,105,108,108,101,103,97,108,99,104,97,114,97,99,116,101,114,115,112,108,101,97,0.016532412707146716
206,102,114,101,113,117,101,110,116,103,117,101,115,116,110,117,109,98,101,114,115,117,112,112,108,105,101,100,105,110,118,97,108,105,100,112,108,101,97,115,101,99,111,114,114,101,99,116,100,101,108,0.01650305490142996
206,98,111,111,107,105,110,103,99,111,110,102,105,114,109,101,100,114,101,102,101,114,112,101,110,100,105,110,103,112,114,111,99,101,115,115,0,0,0,0,0,0,0,0,0,0,0,0,0,0,0,0.016488116313951463
206,104,111,116,101,108,117,110,97,98,108,101,112,114,111,118,105,100,101,105,116,105,110,101,114,97,114,121,110,117,109,98,101,114,114,101,115,101,114,118,97,116,105,111,110,112,108,101,97,115,101,0.016457249719691824
206,109,97,120,105,109,117,109,110,117,109,98,101,114,112,101,114,115,111,110,115,112,101,114,114,111,111,109,101,120,99,101,101,100,101,100,114,111,111,109,99,97,112,97,99,105,116,121,98,101,121,0.016427767947665255
206,109,117,108,116,105,114,111,111,109,98,111,111,107,105,110,103,109,117,115,116,100,105,102,102,101,114,101,110,116,117,110,105,113,117,101,103,117,101,115,116,110,97,109,101,114,111,111,109,112,108,0.016391258558755336
206,110,117,109,98,101,114,114,111,111,109,115,114,101,113,117,101,115,116,101,100,103,114,101,97,116,101,114,109,97,120,105,109,117,109,110,117,109,98,101,114,114,111,111,109,115,97,108,108,111,119,0.01636594642791334
206,114,101,113,117,101,115,116,101,100,110,117,109,98,101,114,110,105,103,104,116,115,108,101,115,115,109,105,110,105,109,117,109,110,117,109,98,101,114,110,105,103,104,116,115,114,101,113,117,105,114,0.01634283265623391
206,114,111,111,109,114,97,116,101,99,104,97,110,103,101,100,0,0,0,0,0,0,0,0,0,0,0,0,0,0,0,0,0,0,0,0,0,0,0,0,0,0,0,0,0,0,0,0,0,0,0,0.016336440453281583
206,114,111,111,109,116,121,112,101,114,97,116,101,115,101,108,101,99,116,101,100,108,111,110,103,101,114,97,118,97,105,108,97,98,108,101,112,108,101,97,115,101,99,104,111,111,115,101,97,110,111,0.016314662439024886
206,115,101,108,101,99,116,101,100,114,111,111,109,115,111,108,100,0,0,0,0,0,0,0,0,0,0,0,0,0,0,0,0,0,0,0,0,0,0,0,0,0,0,0,0,0,0,0,0,0,0,0.01630774066673431
206,112,114,111,98,108,101,109,98,111,111,107,105,110,103,99,111,109,109,117,110,105,99,97,116,105,110,103,98,97,99,107,101,110,100,115,117,112,112,108,105,101,114,98,111,111,107,105,110,103,119,0.01625193438092577
206,112,114,111,98,108,101,109,104,111,116,101,108,114,111,111,109,114,101,115,101,114,118,97,116,105,111,110,112,108,101,97,115,101,115,101,108,101,99,116,97,110,111,116,104,101,114,100,97,116,101,0.016225981818614815
206,112,114,111,100,117,99,116,99,117,114,114,101,110,116,108,121,97,118,97,105,108,97,98,108,101,99,111,109,111,114,98,105,116,122,116,98,115,109,111,100,101,108,112,114,111,100,117,99,116,117,0.016038110850221547
206,112,114,111,100,117,99,116,99,117,114,114,101,110,116,108,121,97,118,97,105,108,97,98,108,101,99,111,109,111,114,98,105,116,122,116,98,115,109,111,100,101,108,112,114,111,100,117,99,116,117,0.015862126920579776
206,112,114,111,100,117,99,116,99,117,114,114,101,110,116,108,121,97,118,97,105,108,97,98,108,101,99,111,109,111,114,98,105,116,122,116,98,115,109,111,100,101,108,115,121,115,116,101,109,101,120,0.015698937082681635
206,112,114,111,100,117,99,116,99,117,114,114,101,110,116,108,121,97,118,97,105,108,97,98,108,101,99,111,109,111,114,98,105,116,122,116,98,115,109,111,100,101,108,115,121,115,116,101,109,101,120,0.015372640668918622
206,114,101,115,101,114,118,97,116,105,111,110,99,97,110,99,111,109,112,108,101,116,101,100,112,108,101,97,115,101,99,111,114,114,101,99,116,99,117,115,116,111,109,101,114,105,110,102,111,114,109,0.015350762974244852
206,114,101,115,101,114,118,97,116,105,111,110,99,97,110,99,111,109,112,108,101,116,101,100,112,108,101,97,115,101,99,111,114,114,101,99,116,101,109,97,105,108,97,100,100,114,101,115,115,0,0,0.015333251171169106
206,114,101,115,101,114,118,97,116,105,111,110,99,97,110,112,114,111,99,101,115,115,101,100,100,97,121,115,99,111,114,114,101,99,116,105,110,102,111,114,109,97,116,105,111,110,116,114,121,0,0,0.01531623221691747
206,114,101,115,101,114,118,97,116,105,111,110,99,97,110,112,114,111,99,101,115,115,101,100,102,105,114,115,116,110,97,109,101,99,111,110,116,97,105,110,115,105,110,118,97,108,105,100,100,97,116,0.015289278667418332
206,116,105,109,101,111,117,116,101,120,99,101,112,116,105,111,110,111,99,99,117,114,114,101,100,114,111,108,108,98,97,99,107,111,110,116,105,109,101,111,117,116,116,114,117,101,111,114,100,101,114,0.01525220252551511
206,116,114,97,118,101,108,110,111,119,99,111,109,115,101,114,118,105,99,101,114,101,113,117,101,115,116,115,112,101,99,105,102,105,101,100,101,109,97,105,108,97,100,100,114,101,115,115,114,101,115,0.015231992997833397
206,116,114,97,118,101,108,110,111,119,99,111,109,117,110,97,98,108,101,97,112,112,114,111,112,114,105,97,116,101,108,121,99,114,101,97,116,101,98,97,99,107,101,110,100,105,110,102,111,114,109,0.015206151277232734
206,116,114,121,112,114,111,99,101,115,115,114,101,115,101,114,118,97,116,105,111,110,99,111,110,116,97,99,116,117,115,0,0,0,0,0,0,0,0,0,0,0,0,0,0,0,0,0,0,0,0,0.015194807989389351
206,117,110,97,98,108,101,97,100,100,116,114,97,118,101,108,101,114,0,0,0,0,0,0,0,0,0,0,0,0,0,0,0,0,0,0,0,0,0,0,0,0,0,0,0,0,0,0,0,0,0,0.01518850768042402
206,99,111,110,102,105,114,109,97,116,105,111,110,110,117,109,98,101,114,99,117,114,114,101,110,116,108,121,97,118,97,105,108,97,98,108,101,119,105,108,108,101,109,97,105,108,99,111,110,102,105,0.015160887095252294
206,101,114,114,111,114,98,111,111,107,104,111,108,100,101,114,114,111,114,101,120,112,101,100,105,97,98,111,111,107,104,111,108,100,114,101,113,102,97,105,108,101,100,0,0,0,0,0,0,0,0,0.015145721779903192
206,101,114,114,111,114,117,110,107,110,111,119,110,99,114,101,97,116,101,111,114,100,101,114,117,110,101,120,112,101,99,116,101,100,101,120,99,101,112,116,105,111,110,106,97,118,97,117,116,105,108,0.015090774489501985
206,101,114,114,111,114,98,111,111,107,105,110,103,114,117,108,101,99,104,97,110,103,101,100,104,111,116,101,108,114,117,108,101,115,99,104,97,110,103,101,100,116,105,109,101,98,111,111,107,105,110,0.01507209741995488
206,101,114,114,111,114,99,111,117,112,111,110,101,114,114,111,114,99,117,114,114,101,110,99,121,104,97,115,99,104,97,110,103,101,100,101,114,114,111,114,99,117,115,116,111,109,101,114,102,105,108,0.015027868854756368
206,101,114,114,111,114,112,114,105,99,101,109,105,115,109,97,116,99,104,105,110,116,101,114,110,97,108,97,112,112,108,105,99,97,116,105,111,110,101,114,114,111,114,109,101,115,115,97,103,101,114,0.014984675395748792
206,101,114,114,111,114,117,110,107,110,111,119,110,105,110,116,101,114,110,97,108,97,112,112,108,105,99,97,116,105,111,110,101,114,114,111,114,109,101,115,115,97,103,101,114,101,102,101,114,101,110,0.01490564385785222
206,109,121,115,116,105,113,117,101,98,111,111,107,105,110,103,0,0,0,0,0,0,0,0,0,0,0,0,0,0,0,0,0,0,0,0,0,0,0,0,0,0,0,0,0,0,0,0,0,0,0,0.01489997703176285
412,99,97,110,99,101,108,108,101,100,112,114,111,100,117,99,116,0,0,0,0,0,0,0,0,0,0,0,0,0,0,0,0,0,0,0,0,0,0,0,0,0,0,0,0,0,0,0,0,0,0,0.018196208947624228
412,99,97,110,99,101,108,108,101,100,112,114,111,100,117,99,116,0,0,0,0,0,0,0,0,0,0,0,0,0,0,0,0,0,0,0,0,0,0,0,0,0,0,0,0,0,0,0,0,0,0,0.01818908604309836
412,99,108,105,101,110,116,102,111,117,110,100,115,121,115,116,101,109,0,0,0,0,0,0,0,0,0,0,0,0,0,0,0,0,0,0,0,0,0,0,0,0,0,0,0,0,0,0,0,0,0,0.018181459527760666
412,104,111,116,101,108,112,114,101,99,97,110,99,101,108,102,97,105,108,101,100,0,0,0,0,0,0,0,0,0,0,0,0,0,0,0,0,0,0,0,0,0,0,0,0,0,0,0,0,0,0,0.018172749634679828
412,99,97,110,99,101,108,117,99,104,111,116,101,108,115,101,103,109,101,110,116,0,0,0,0,0,0,0,0,0,0,0,0,0,0,0,0,0,0,0,0,0,0,0,0,0,0,0,0,0,0,0.018164248451010487
412,109,117,108,116,105,114,111,111,109,112,97,114,116,105,97,108,99,97,110,99,101,108,108,97,116,105,111,110,0,0,0,0,0,0,0,0,0,0,0,0,0,0,0,0,0,0,0,0,0,0,0.018151805954412317
412,109,117,108,116,105,114,111,111,109,112,97,114,116,105,97,108,99,97,110,99,101,108,108,97,116,105,111,110,0,0,0,0,0,0,0,0,0,0,0,0,0,0,0,0,0,0,0,0,0,0,0.01813920078662135
412,104,111,116,101,108,99,111,110,102,105,114,109,97,116,105,111,110,110,117,109,98,101,114,102,111,117,110,100,0,0,0,0,0,0,0,0,0,0,0,0,0,0,0,0,0,0,0,0,0,0,0.018126879392646233
412,104,111,116,101,108,99,111,110,102,105,114,109,97,116,105,111,110,110,117,109,98,101,114,102,111,117,110,100,0,0,0,0,0,0,0,0,0,0,0,0,0,0,0,0,0,0,0,0,0,0,0.01811445533176532
412,111,114,100,101,114,99,117,114,114,101,110,116,108,121,112,114,111,99,101,115,115,101,100,0,0,0,0,0,0,0,0,0,0,0,0,0,0,0,0,0,0,0,0,0,0,0,0,0,0,0,0.018104174250655823
412,112,97,114,116,105,97,108,99,97,110,99,101,108,108,97,116,105,111,110,0,0,0,0,0,0,0,0,0,0,0,0,0,0,0,0,0,0,0,0,0,0,0,0,0,0,0,0,0,0,0,0.01809582924533969
412,112,114,111,100,117,99,116,117,110,97,118,97,105,108,97,98,108,101,0,0,0,0,0,0,0,0,0,0,0,0,0,0,0,0,0,0,0,0,0,0,0,0,0,0,0,0,0,0,0,0,0.01808781573170805
412,112,108,101,97,115,101,99,111,110,116,97,99,116,99,117,115,116,111,109,101,114,115,101,114,118,105,99,101,0,0,0,0,0,0,0,0,0,0,0,0,0,0,0,0,0,0,0,0,0,0,0.01807544995003429
412,112,108,101,97,115,101,101,110,116,101,114,99,117,115,116,111,109,101,114,115,114,101,115,101,114,118,97,116,105,111,110,99,111,110,102,105,114,109,97,116,105,111,110,110,117,109,98,101,114,0,0.018053966940478904
412,112,108,101,97,115,101,116,114,121,108,97,116,101,114,0,0,0,0,0,0,0,0,0,0,0,0,0,0,0,0,0,0,0,0,0,0,0,0,0,0,0,0,0,0,0,0,0,0,0,0,0.018047783508005958
412,112,114,111,98,97,98,108,121,114,101,115,101,114,118,97,116,105,111,110,97,108,114,101,97,100,121,112,114,111,99,101,115,115,101,100,99,97,110,99,101,108,108,101,100,112,108,101,97,115,101,0.01801990845502094
412,114,101,115,110,111,116,102,111,117,110,100,0,0,0,0,0,0,0,0,0,0,0,0,0,0,0,0,0,0,0,0,0,0,0,0,0,0,0,0,0,0,0,0,0,0,0,0,0,0,0,0.01801492583814375
412,114,101,113,117,101,115,116,101,100,112,114,111,100,117,99,116,97,108,114,101,97,100,121,99,97,110,99,101,108,108,101,100,0,0,0,0,0,0,0,0,0,0,0,0,0,0,0,0,0,0,0.01800125898745362
412,114,101,115,101,114,118,97,116,105,111,110,99,97,110,99,101,108,108,101,100,0,0,0,0,0,0,0,0,0,0,0,0,0,0,0,0,0,0,0,0,0,0,0,0,0,0,0,0,0,0,0.017992566433638432
412,114,101,115,101,114,118,97,116,105,111,110,102,111,117,110,100,0,0,0,0,0,0,0,0,0,0,0,0,0,0,0,0,0,0,0,0,0,0,0,0,0,0,0,0,0,0,0,0,0,0,0.017985517067406268
412,114,101,115,101,114,118,97,116,105,111,110,114,101,116,114,105,101,118,101,100,0,0,0,0,0,0,0,0,0,0,0,0,0,0,0,0,0,0,0,0,0,0,0,0,0,0,0,0,0,0,0.0179767061389663
412,114,101,115,101,114,118,97,116,105,111,110,102,111,117,110,100,115,121,115,116,101,109,0,0,0,0,0,0,0,0,0,0,0,0,0,0,0,0,0,0,0,0,0,0,0,0,0,0,0,0,0.017966949414308455
412,104,111,116,101,108,99,111,110,102,105,114,109,97,116,105,111,110,105,110,102,111,114,109,97,116,105,111,110,112,114,111,118,105,100,101,100,114,101,115,111,108,118,101,100,118,97,108,105,100,114,0.01794391830366809
412,114,111,111,109,115,104,111,116,101,108,114,101,115,101,114,118,97,116,105,111,110,99,97,110,99,101,108,108,101,100,0,0,0,0,0,0,0,0,0,0,0,0,0,0,0,0,0,0,0,0,0.017931258304477605
412,112,114,111,100,117,99,116,99,117,114,114,101,110,116,108,121,97,118,97,105,108,97,98,108,101,0,0,0,0,0,0,0,0,0,0,0,0,0,0,0,0,0,0,0,0,0,0,0,0,0,0.017920501922355697
412,114,101,113,117,101,115,116,97,108,114,101,97,100,121,112,114,111,99,101,115,115,101,100,99,97,110,99,101,108,108,101,100,0,0,0,0,0,0,0,0,0,0,0,0,0,0,0,0,0,0,0.01790701984294305
412,114,101,115,101,114,118,97,116,105,111,110,102,111,117,110,100,0,0,0,0,0,0,0,0,0,0,0,0,0,0,0,0,0,0,0,0,0,0,0,0,0,0,0,0,0,0,0,0,0,0,0.01790009817857577
412,117,110,97,98,108,101,99,97,110,99,101,108,114,101,115,101,114,118,97,116,105,111,110,0,0,0,0,0,0,0,0,0,0,0,0,0,0,0,0,0,0,0,0,0,0,0,0,0,0,0,0.017890283160555
412,117,110,97,98,108,101,99,97,110,99,101,108,114,101,115,101,114,118,97,116,105,111,110,117,110,107,110,111,119,110,101,114,114,111,114,111,99,99,117,114,114,101,100,112,108,101,97,115,101,99,0.017863413229527097
412,102,105,110,100,98,111,111,107,105,110,103,0,0,0,0,0,0,0,0,0,0,0,0,0,0,0,0,0,0,0,0,0,0,0,0,0,0,0,0,0,0,0,0,0,0,0,0,0,0,0,0.017858789293651332
412,102,105,110,100,114,101,115,101,114,118,97,116,105,111,110,0,0,0,0,0,0,0,0,0,0,0,0,0,0,0,0,0,0,0,0,0,0,0,0,0,0,0,0,0,0,0,0,0,0,0,0.017852316078767784
412,99,111,109,111,114,98,105,116,122,116,98,115,109,111,100,101,108,115,121,115,116,101,109,101,120,99,101,112,116,105,111,110,104,111,116,101,108,112,114,101,99,97,110,99,101,108,102,97,105,108,0.017829877838846646
412,99,111,109,111,114,98,105,116,122,116,98,115,115,112,105,116,120,110,99,97,110,99,101,108,115,112,105,112,114,111,100,117,99,116,112,114,101,99,97,110,99,101,108,99,114,105,116,101,114,105,0.017800623956687352
412,101,114,114,111,114,111,114,100,101,114,99,117,114,114,101,110,116,112,114,111,99,101,115,115,105,110,103,116,114,121,108,97,116,101,114,0,0,0,0,0,0,0,0,0,0,0,0,0,0,0,0.01778518191276887
412,101,114,114,111,114,111,114,100,101,114,108,105,110,101,110,111,116,102,111,117,110,100,0,0,0,0,0,0,0,0,0,0,0,0,0,0,0,0,0,0,0,0,0,0,0,0,0,0,0,0,0.017775556785311505
412,101,114,114,111,114,111,114,100,101,114,110,117,109,98,101,114,110,111,116,102,111,117,110,100,0,0,0,0,0,0,0,0,0,0,0,0,0,0,0,0,0,0,0,0,0,0,0,0,0,0,0.017765039343334534
412,102,111,114,111,114,100,101,114,110,117,109,111,114,100,101,114,103,117,105,100,112,97,115,115,101,100,0,0,0,0,0,0,0,0,0,0,0,0,0,0,0,0,0,0,0,0,0,0,0,0,0.017753781023485873
412,109,117,108,116,105,99,117,114,114,101,110,99,121,100,101,116,97,105,108,115,110,116,97,116,99,111,109,111,114,98,105,116,122,116,98,115,104,111,116,101,108,109,103,114,104,111,116,101,108,99,0.017575423667468292
412,109,121,115,116,105,113,117,101,99,97,110,99,101,108,108,97,116,105,111,110,0,0,0,0,0,0,0,0,0,0,0,0,0,0,0,0,0,0,0,0,0,0,0,0,0,0,0,0,0,0,0.01756695400745946
412,98,111,111,107,105,110,103,102,111,117,110,100,0,0,0,0,0,0,0,0,0,0,0,0,0,0,0,0,0,0,0,0,0,0,0,0,0,0,0,0,0,0,0,0,0,0,0,0,0,0,0.017562001616749184
412,102,111,117,110,100,0,0,0,0,0,0,0,0,0,0,0,0,0,0,0,0,0,0,0,0,0,0,0,0,0,0,0,0,0,0,0,0,0,0,0,0,0,0,0,0,0,0,0,0,0,0.017559913739126708
412,112,114,111,100,117,99,116,97,108,114,101,97,100,121,99,97,110,99,101,108,108,101,100,0,0,0,0,0,0,0,0,0,0,0,0,0,0,0,0,0,0,0,0,0,0,0,0,0,0,0,0.017550481011099364
412,112,114,111,100,117,99,116,108,111,99,97,116,111,114,99,111,100,101,0,0,0,0,0,0,0,0,0,0,0,0,0,0,0,0,0,0,0,0,0,0,0,0,0,0,0,0,0,0,0,0,0.017542903909559315
412,114,101,99,111,114,100,109,105,115,115,105,110,103,112,114,111,99,101,115,115,0,0,0,0,0,0,0,0,0,0,0,0,0,0,0,0,0,0,0,0,0,0,0,0,0,0,0,0,0,0,0.01753462940380476
412,114,101,115,101,114,118,97,116,105,111,110,102,111,117,110,100,0,0,0,0,0,0,0,0,0,0,0,0,0,0,0,0,0,0,0,0,0,0,0,0,0,0,0,0,0,0,0,0,0,0,0.017527881599982174
412,114,101,115,101,114,118,97,116,105,111,110,115,116,97,114,116,100,97,116,101,0,0,0,0,0,0,0,0,0,0,0,0,0,0,0,0,0,0,0,0,0,0,0,0,0,0,0,0,0,0,0.01751939548574064
412,114,111,111,109,102,111,117,110,100,0,0,0,0,0,0,0,0,0,0,0,0,0,0,0,0,0,0,0,0,0,0,0,0,0,0,0,0,0,0,0,0,0,0,0,0,0,0,0,0,0,0.01751561117476456
412,114,101,115,101,114,118,97,116,105,111,110,99,97,110,99,101,108,101,100,0,0,0,0,0,0,0,0,0,0,0,0,0,0,0,0,0,0,0,0,0,0,0,0,0,0,0,0,0,0,0,0.01750792226113651
824,99,97,110,99,101,108,100,97,116,101,112,97,115,115,101,100,0,0,0,0,0,0,0,0,0,0,0,0,0,0,0,0,0,0,0,0,0,0,0,0,0,0,0,0,0,0,0,0,0,0,0.018298861473110568
824,99,97,110,99,101,108,108,97,116,105,111,110,100,101,97,100,108,105,110,101,112,97,115,115,101,100,0,0,0,0,0,0,0,0,0,0,0,0,0,0,0,0,0,0,0,0,0,0,0,0,0.01828786977999183
824,99,97,110,99,101,108,108,97,116,105,111,110,100,101,97,100,108,105,110,101,112,97,115,115,101,100,0,0,0,0,0,0,0,0,0,0,0,0,0,0,0,0,0,0,0,0,0,0,0,0,0.018276804730177884
824,99,97,110,99,101,108,100,97,116,101,112,97,115,115,101,100,0,0,0,0,0,0,0,0,0,0,0,0,0,0,0,0,0,0,0,0,0,0,0,0,0,0,0,0,0,0,0,0,0,0,0.018270033337531345
824,104,111,116,101,108,112,114,101,99,97,110,99,101,108,102,97,105,108,101,100,0,0,0,0,0,0,0,0,0,0,0,0,0,0,0,0,0,0,0,0,0,0,0,0,0,0,0,0,0,0,0.0182616262457465
824,114,101,115,99,97,110,99,101,108,108,101,100,0,0,0,0,0,0,0,0,0,0,0,0,0,0,0,0,0,0,0,0,0,0,0,0,0,0,0,0,0,0,0,0,0,0,0,0,0,0,0.01825657643580706
824,114,101,115,99,97,110,99,101,108,108,101,100,0,0,0,0,0,0,0,0,0,0,0,0,0,0,0,0,0,0,0,0,0,0,0,0,0,0,0,0,0,0,0,0,0,0,0,0,0,0,0.018251500588120043
824,114,101,115,101,114,118,97,116,105,111,110,99,97,110,99,101,108,108,101,100,0,0,0,0,0,0,0,0,0,0,0,0,0,0,0,0,0,0,0,0,0,0,0,0,0,0,0,0,0,0,0.018242985252585022
824,114,101,115,101,114,118,97,116,105,111,110,99,97,110,99,101,108,108,101,100,111,110,108,105,110,101,0,0,0,0,0,0,0,0,0,0,0,0,0,0,0,0,0,0,0,0,0,0,0,0,0.018231986325113685
824,114,101,115,101,114,118,97,116,105,111,110,99,97,110,99,101,108,97,98,108,101,122,101,114,111,114,101,102,117,110,100,0,0,0,0,0,0,0,0,0,0,0,0,0,0,0,0,0,0,0,0.01821892871223095
824,108,97,116,101,99,97,110,99,101,108,114,101,115,101,114,118,97,116,105,111,110,0,0,0,0,0,0,0,0,0,0,0,0,0,0,0,0,0,0,0,0,0,0,0,0,0,0,0,0,0,0.018210132520790637
824,108,97,116,101,99,97,110,99,101,108,114,101,115,101,114,118,97,116,105,111,110,0,0,0,0,0,0,0,0,0,0,0,0,0,0,0,0,0,0,0,0,0,0,0,0,0,0,0,0,0,0.0182013450410407
824,108,97,116,101,99,97,110,99,101,108,114,101,115,101,114,118,97,116,105,111,110,100,101,97,100,108,105,110,101,100,97,116,101,112,97,115,115,101,100,0,0,0,0,0,0,0,0,0,0,0,0.018185653681969612
824,117,110,97,98,108,101,99,97,110,99,101,108,114,101,115,101,114,118,97,116,105,111,110,0,0,0,0,0,0,0,0,0,0,0,0,0,0,0,0,0,0,0,0,0,0,0,0,0,0,0,0.018175965101015757
824,117,110,97,98,108,101,99,97,110,99,101,108,114,101,115,101,114,118,97,116,105,111,110,112,108,101,97,115,101,99,111,110,116,97,99,116,99,117,115,116,111,109,101,114,115,101,114,118,105,99,0.018154823156695633
824,117,110,97,98,108,101,99,97,110,99,101,108,114,101,115,101,114,118,97,116,105,111,110,114,101,115,101,114,118,97,116,105,111,110,112,101,110,100,105,110,103,112,108,101,97,115,101,99,111,110,0.01812677137458668
824,117,110,97,98,108,101,99,97,110,99,101,108,114,101,115,101,114,118,97,116,105,111,110,114,101,115,101,114,118,97,116,105,111,110,109,97,110,117,97,108,108,121,98,111,111,107,101,100,112,108,0.018096152877638907
824,117,110,97,98,108,101,111,98,116,97,105,110,99,97,110,99,101,108,108,97,116,105,111,110,110,117,109,98,101,114,112,108,101,97,115,101,99,111,110,116,97,99,116,99,117,115,116,111,109,101,0.01807253090351322
824,98,111,111,107,105,110,103,99,97,110,99,101,108,108,101,100,111,110,108,105,110,101,0,0,0,0,0,0,0,0,0,0,0,0,0,0,0,0,0,0,0,0,0,0,0,0,0,0,0,0,0.018063554586669306
824,98,111,111,107,105,110,103,99,97,110,99,101,108,108,101,100,0,0,0,0,0,0,0,0,0,0,0,0,0,0,0,0,0,0,0,0,0,0,0,0,0,0,0,0,0,0,0,0,0,0,0.018057028626224304
824,99,97,110,99,97,110,99,101,108,0,0,0,0,0,0,0,0,0,0,0,0,0,0,0,0,0,0,0,0,0,0,0,0,0,0,0,0,0,0,0,0,0,0,0,0,0,0,0,0,0,0.018053441068163194
824,99,97,110,99,101,108,108,97,98,108,101,0,0,0,0,0,0,0,0,0,0,0,0,0,0,0,0,0,0,0,0,0,0,0,0,0,0,0,0,0,0,0,0,0,0,0,0,0,0,0,0.01804898238321331
824,99,97,110,99,101,108,108,101,100,0,0,0,0,0,0,0,0,0,0,0,0,0,0,0,0,0,0,0,0,0,0,0,0,0,0,0,0,0,0,0,0,0,0,0,0,0,0,0,0,0,0.01804538618651914
824,99,111,109,111,114,98,105,116,122,116,98,115,109,111,100,101,108,116,120,110,112,111,108,105,99,121,118,105,111,108,97,116,105,111,110,101,120,99,101,112,116,105,111,110,0,0,0,0,0,0,0.018026407708290663
824,99,111,109,111,114,98,105,116,122,119,115,104,111,116,101,108,99,97,110,99,101,108,115,101,114,118,105,99,101,104,111,116,101,108,99,97,110,99,101,108,115,101,114,118,105,99,101,105,109,112,0.017948683050208268
824,99,111,109,111,114,98,105,116,122,119,115,104,111,116,101,108,99,97,110,99,101,108,115,101,114,118,105,99,101,104,111,116,101,108,99,97,110,99,101,108,115,101,114,118,105,99,101,105,109,112,0.017904760039773978
824,99,111,109,111,114,98,105,116,122,119,115,116,98,115,114,101,115,101,114,118,97,116,105,111,110,115,101,114,118,105,99,101,115,117,112,112,111,114,116,98,117,105,108,100,112,114,101,99,97,110,0.017862319265274405
824,99,111,109,111,114,98,105,116,122,119,115,116,98,115,114,101,115,101,114,118,97,116,105,111,110,115,101,114,118,105,99,101,115,117,112,112,111,114,116,99,97,108,108,102,117,116,117,114,101,116,0.017827553351759604
824,100,101,97,100,108,105,110,101,100,97,116,101,112,97,115,115,101,100,0,0,0,0,0,0,0,0,0,0,0,0,0,0,0,0,0,0,0,0,0,0,0,0,0,0,0,0,0,0,0,0,0.017820423366358078
824,101,114,114,111,114,114,101,115,109,111,100,105,102,121,101,114,114,111,114,99,104,97,110,103,101,115,97,108,108,111,119,101,100,0,0,0,0,0,0,0,0,0,0,0,0,0,0,0,0,0,0.0178068400100491
824,101,114,114,111,114,98,108,111,99,107,115,112,97,99,101,0,0,0,0,0,0,0,0,0,0,0,0,0,0,0,0,0,0,0,0,0,0,0,0,0,0,0,0,0,0,0,0,0,0,0,0.01780067316906451
824,101,114,114,111,114,99,97,110,99,101,108,111,114,100,101,114,108,105,110,101,0,0,0,0,0,0,0,0,0,0,0,0,0,0,0,0,0,0,0,0,0,0,0,0,0,0,0,0,0,0,0.01779246761434815
824,101,114,114,111,114,110,111,110,114,101,102,117,110,100,97,98,108,101,98,111,111,107,105,110,103,114,101,115,101,114,118,97,116,105,111,110,110,111,110,114,101,102,117,110,100,97,98,108,101,0,0.0177723716017598
824,101,114,114,111,114,111,114,100,101,114,108,105,110,101,97,108,114,101,97,100,121,99,97,110,99,101,108,101,100,0,0,0,0,0,0,0,0,0,0,0,0,0,0,0,0,0,0,0,0,0,0.017760592069879132
824,109,117,108,116,105,112,108,101,110,111,116,115,117,112,112,111,114,116,101,100,0,0,0,0,0,0,0,0,0,0,0,0,0,0,0,0,0,0,0,0,0,0,0,0,0,0,0,0,0,0,0.017752120930635912
824,109,121,115,116,105,113,117,101,99,97,110,99,101,108,108,97,116,105,111,110,0,0,0,0,0,0,0,0,0,0,0,0,0,0,0,0,0,0,0,0,0,0,0,0,0,0,0,0,0,0,0.01774386064249815
824,114,101,102,117,110,100,0,0,0,0,0,0,0,0,0,0,0,0,0,0,0,0,0,0,0,0,0,0,0,0,0,0,0,0,0,0,0,0,0,0,0,0,0,0,0,0,0,0,0,0,0.01774142508653335
824,99,97,110,99,101,108,97,98,108,101,0,0,0,0,0,0,0,0,0,0,0,0,0,0,0,0,0,0,0,0,0,0,0,0,0,0,0,0,0,0,0,0,0,0,0,0,0,0,0,0,0.017737560199016986
824,99,97,110,99,101,108,108,97,98,108,101,0,0,0,0,0,0,0,0,0,0,0,0,0,0,0,0,0,0,0,0,0,0,0,0,0,0,0,0,0,0,0,0,0,0,0,0,0,0,0,0.01773328428720088
824,112,114,111,100,117,99,116,112,114,101,99,97,110,99,101,108,105,110,102,111,115,110,117,108,108,101,109,112,116,121,0,0,0,0,0,0,0,0,0,0,0,0,0,0,0,0,0,0,0,0,0.01772107832750188
824,114,101,102,101,114,101,110,99,101,105,116,105,110,101,114,97,114,121,110,117,109,98,101,114,113,117,101,115,116,105,111,110,115,114,101,103,97,114,100,105,110,103,115,116,97,116,117,115,114,101,0.017697879676666764
824,117,110,99,97,110,99,101,108,97,98,108,101,0,0,0,0,0,0,0,0,0,0,0,0,0,0,0,0,0,0,0,0,0,0,0,0,0,0,0,0,0,0,0,0,0,0,0,0,0,0,0.017693142670902207
824,117,110,99,97,110,99,101,108,108,97,98,108,101,0,0,0,0,0,0,0,0,0,0,0,0,0,0,0,0,0,0,0,0,0,0,0,0,0,0,0,0,0,0,0,0,0,0,0,0,0,0.01768799761863056
824,122,101,114,111,114,101,102,117,110,100,0,0,0,0,0,0,0,0,0,0,0,0,0,0,0,0,0,0,0,0,0,0,0,0,0,0,0,0,0,0,0,0,0,0,0,0,0,0,0,0,0.017683875186215708
1648,117,102,111,114,109,97,116,101,114,114,111,114,111,112,116,105,111,110,97,108,102,105,101,108,100,110,111,116,112,114,111,99,101,115,115,101,100,98,117,115,105,110,101,115,115,108,111,103,105,99,0.018678649061295197
1648,97,100,100,114,101,115,115,99,97,116,101,103,111,114,121,101,120,104,111,109,101,119,111,114,107,101,116,99,114,101,113,117,105,114,101,100,0,0,0,0,0,0,0,0,0,0,0,0,0,0,0.018663721639179554
1648,99,99,97,99,99,111,117,110,116,110,97,109,101,101,114,114,111,114,0,0,0,0,0,0,0,0,0,0,0,0,0,0,0,0,0,0,0,0,0,0,0,0,0,0,0,0,0,0,0,0,0.018656219913956325
1648,99,99,110,97,109,101,101,114,114,111,114,0,0,0,0,0,0,0,0,0,0,0,0,0,0,0,0,0,0,0,0,0,0,0,0,0,0,0,0,0,0,0,0,0,0,0,0,0,0,0,0.018651632426514197
1648,99,115,118,102,97,105,108,0,0,0,0,0,0,0,0,0,0,0,0,0,0,0,0,0,0,0,0,0,0,0,0,0,0,0,0,0,0,0,0,0,0,0,0,0,0,0,0,0,0,0,0.018648660802715336
1648,99,114,101,100,105,116,99,97,114,100,101,114,114,111,114,0,0,0,0,0,0,0,0,0,0,0,0,0,0,0,0,0,0,0,0,0,0,0,0,0,0,0,0,0,0,0,0,0,0,0,0.01864236089852793
1648,99,114,101,100,105,116,99,97,114,100,116,121,112,101,105,110,118,97,108,105,100,0,0,0,0,0,0,0,0,0,0,0,0,0,0,0,0,0,0,0,0,0,0,0,0,0,0,0,0,0,0.018633628551107794
1648,99,114,101,100,105,116,99,97,114,100,116,121,112,101,97,99,99,101,112,116,101,100,112,114,111,112,101,114,116,121,0,0,0,0,0,0,0,0,0,0,0,0,0,0,0,0,0,0,0,0,0.018621184463931042
1648,104,111,110,111,114,112,105,99,107,117,112,109,101,115,115,97,103,101,0,0,0,0,0,0,0,0,0,0,0,0,0,0,0,0,0,0,0,0,0,0,0,0,0,0,0,0,0,0,0,0,0.0186137015321956
1648,104,111,116,101,108,98,111,111,107,105,110,103,101,114,114,111,114,99,97,114,100,102,97,105,108,117,114,101,112,114,111,99,101,115,115,105,110,103,112,114,111,98,108,101,109,99,97,114,100,112,0.018591051428351872
1648,105,110,118,97,108,105,100,99,114,101,100,105,116,99,97,114,100,100,97,116,97,112,114,111,118,105,100,101,100,112,108,101,97,115,101,114,101,118,105,101,119,99,111,114,114,101,99,116,0,0,0.01857172952370799
1648,112,97,121,109,101,110,116,102,97,105,108,117,114,101,0,0,0,0,0,0,0,0,0,0,0,0,0,0,0,0,0,0,0,0,0,0,0,0,0,0,0,0,0,0,0,0,0,0,0,0,0.018565751904821282
1648,112,97,121,109,101,110,116,102,97,105,108,117,114,101,104,97,112,112,101,110,101,100,0,0,0,0,0,0,0,0,0,0,0,0,0,0,0,0,0,0,0,0,0,0,0,0,0,0,0,0,0.0185565515883736
1648,112,104,111,110,101,99,97,116,101,103,111,114,121,101,120,104,111,109,101,119,111,114,107,101,116,99,114,101,113,117,105,114,101,100,0,0,0,0,0,0,0,0,0,0,0,0,0,0,0,0,0.01854263093917712
1648,112,108,101,97,115,101,112,114,111,118,105,100,101,118,97,108,105,100,99,114,101,100,105,116,99,97,114,100,100,101,116,97,105,108,115,105,110,118,97,108,105,100,99,114,101,100,105,116,99,97,0.018507479460721652
1648,112,108,101,97,115,101,112,114,111,118,105,100,101,118,97,108,105,100,99,114,101,100,105,116,99,97,114,100,100,101,116,97,105,108,115,105,110,118,97,108,105,100,99,114,101,100,105,116,99,97,0.01841258270043505
1648,112,108,101,97,115,101,112,114,111,118,105,100,101,118,97,108,105,100,99,114,101,100,105,116,99,97,114,100,100,101,116,97,105,108,115,105,110,118,97,108,105,100,99,114,101,100,105,116,99,97,0.018240740295315805
1648,112,111,115,116,97,108,99,111,100,101,112,114,111,118,105,100,101,100,115,112,101,99,105,102,105,101,100,99,111,117,110,116,114,121,0,0,0,0,0,0,0,0,0,0,0,0,0,0,0,0,0.018227280346131
1648,115,116,97,116,101,112,114,111,118,105,110,99,101,114,101,113,117,105,114,101,100,115,112,101,99,105,102,105,101,100,99,111,117,110,116,114,121,0,0,0,0,0,0,0,0,0,0,0,0,0,0.018212459274647062
1648,99,97,114,100,115,101,99,117,114,105,116,121,99,111,100,101,101,110,116,101,114,101,100,118,97,108,105,100,97,116,101,99,114,101,100,105,116,99,97,114,100,112,108,101,97,115,101,99,111,114,0.018189689760244637
1648,99,97,114,100,116,121,112,101,112,114,111,118,105,100,101,100,97,99,99,101,112,116,101,100,112,114,111,112,101,114,116,121,99,114,101,100,105,116,99,97,114,100,117,115,101,100,108,105,115,116,0.01814258213245706
1648,99,114,101,100,105,116,99,97,114,100,116,121,112,101,105,110,118,97,108,105,100,112,108,101,97,115,101,99,111,114,114,101,99,116,105,110,102,111,114,109,97,116,105,111,110,116,114,121,0,0,0.01812431247006002
1648,115,112,101,99,105,102,105,101,100,99,114,101,100,105,116,99,97,114,100,101,120,112,105,114,97,116,105,111,110,100,97,116,101,105,110,118,97,108,105,100,0,0,0,0,0,0,0,0,0,0,0.018108995780975717
1648,115,112,101,99,105,102,105,101,100,99,114,101,100,105,116,99,97,114,100,101,120,112,105,114,97,116,105,111,110,100,97,116,101,105,110,118,97,108,105,100,112,108,101,97,115,101,99,111,114,114,0.01808383583190095
1648,115,112,101,99,105,102,105,101,100,99,114,101,100,105,116,99,97,114,100,110,117,109,98,101,114,105,110,118,97,108,105,100,112,108,101,97,115,101,99,104,101,99,107,110,117,109,98,101,114,112,0.018061770782561295
1648,114,101,113,117,101,115,116,99,97,110,112,114,111,99,101,115,115,101,100,112,108,101,97,115,101,118,101,114,105,102,121,98,105,108,108,105,110,103,97,100,100,114,101,115,115,99,111,114,114,101,0.01804152856891174
1648,114,101,115,101,114,118,97,116,105,111,110,99,97,110,112,114,111,99,101,115,115,101,100,118,101,114,105,102,121,110,117,109,98,101,114,99,114,101,100,105,116,99,97,114,100,101,120,112,105,114,0.01801681954663939
1648,114,101,115,101,114,118,97,116,105,111,110,99,97,110,112,114,111,99,101,115,115,101,100,118,101,114,105,102,121,110,117,109,98,101,114,99,114,101,100,105,116,99,97,114,100,99,111,114,114,101,0.017996826401178483
1648,115,111,114,114,121,117,110,97,98,108,101,112,114,111,99,101,115,115,114,101,113,117,101,115,116,99,97,114,100,110,117,109,98,101,114,101,110,116,101,114,101,100,109,97,121,99,111,114,114,101,0.01794831983301505
1648,115,111,114,114,121,115,121,115,116,101,109,99,97,110,97,117,116,104,101,110,116,105,99,97,116,101,105,110,102,111,114,109,97,116,105,111,110,112,114,111,118,105,100,101,100,105,110,102,111,114,0.017906691828752024
1648,115,111,114,114,121,115,121,115,116,101,109,99,97,110,97,117,116,104,101,110,116,105,99,97,116,101,105,110,102,111,114,109,97,116,105,111,110,112,114,111,118,105,100,101,100,105,110,102,111,114,0.017865287560165557
1648,115,111,114,114,121,115,121,115,116,101,109,99,97,110,97,117,116,104,101,110,116,105,99,97,116,101,105,110,102,111,114,109,97,116,105,111,110,112,114,111,118,105,100,101,100,105,110,102,111,114,0.01781243862593739
1648,115,111,114,114,121,117,110,97,98,108,101,112,114,111,99,101,115,115,114,101,113,117,101,115,116,112,108,101,97,115,101,118,101,114,105,102,121,98,105,108,108,105,110,103,97,100,100,114,101,115,0.017791293185202228
1648,115,111,114,114,121,117,110,97,98,108,101,112,114,111,99,101,115,115,114,101,113,117,101,115,116,112,108,101,97,115,101,118,101,114,105,102,121,99,114,101,100,105,116,99,97,114,100,110,117,109,0.01776561201746172
1648,115,111,114,114,121,117,110,97,98,108,101,112,114,111,99,101,115,115,114,101,113,117,101,115,116,99,97,114,100,110,117,109,98,101,114,101,110,116,101,114,101,100,109,97,121,99,111,114,114,101,0.01773924388572799
1648,115,111,114,114,121,117,110,97,98,108,101,112,114,111,99,101,115,115,114,101,113,117,101,115,116,101,120,112,105,114,97,116,105,111,110,100,97,116,101,101,110,116,101,114,101,100,109,97,121,99,0.017709779202764345
1648,117,105,110,118,97,108,105,100,99,97,114,100,110,117,109,98,101,114,117,110,111,116,112,114,111,99,101,115,115,101,100,98,117,115,105,110,101,115,115,108,111,103,105,99,101,114,114,115,119,115,0.017683313670035193
1648,117,105,110,118,108,100,117,99,114,101,100,105,116,99,97,114,100,116,121,112,101,97,99,99,101,112,116,101,100,112,114,111,112,110,111,116,112,114,111,99,101,115,115,101,100,98,117,115,105,110,0.017652350099484116
1648,117,110,114,117,114,109,115,110,111,116,112,114,111,99,101,115,115,101,100,98,117,115,105,110,101,115,115,108,111,103,105,99,101,114,114,115,119,115,104,111,115,116,101,114,114,111,114,105,110,114,0.017630325946647183
1648,99,111,109,111,114,98,105,116,122,116,98,115,104,111,115,116,116,120,110,111,109,112,100,101,102,97,117,108,116,111,109,112,112,114,111,99,101,115,115,111,114,99,104,101,99,107,102,97,105,108,0.017531762341818496
1648,99,111,109,111,114,98,105,116,122,116,98,115,104,111,115,116,116,120,110,111,109,112,100,101,102,97,117,108,116,111,109,112,112,114,111,99,101,115,115,111,114,99,104,101,99,107,102,97,105,108,0.017435330085462535
1648,99,111,109,111,114,98,105,116,122,116,98,115,104,111,115,116,116,120,110,111,109,112,100,101,102,97,117,108,116,111,109,112,112,114,111,99,101,115,115,111,114,99,104,101,99,107,102,97,105,108,0.017338854977691158
1648,99,111,109,111,114,98,105,116,122,116,98,115,109,111,100,101,108,116,120,110,112,97,121,109,101,110,116,101,120,99,101,112,116,105,111,110,98,97,100,97,117,116,104,99,97,117,115,105,110,103,0.017307595229706263
1648,101,114,114,111,114,97,100,100,114,101,115,115,99,97,116,101,103,111,114,121,99,111,100,101,118,97,108,117,101,105,110,118,97,108,105,100,0,0,0,0,0,0,0,0,0,0,0,0,0,0,0.017294434843460545
1648,101,114,114,111,114,99,114,101,100,105,116,99,97,114,100,100,101,99,108,105,110,101,100,116,110,111,119,101,114,114,111,114,97,116,116,114,99,99,116,114,97,110,115,97,99,116,105,111,110,115,0.017241808532488474
1648,101,114,114,111,114,99,114,101,100,105,116,99,97,114,100,100,101,99,108,105,110,101,100,105,110,118,97,108,105,100,98,105,108,108,105,110,103,97,100,100,114,101,115,115,105,110,116,101,114,110,0.017169904536831638
1648,101,114,114,111,114,99,114,101,100,105,116,99,97,114,100,100,101,99,108,105,110,101,100,105,110,118,97,108,105,100,101,120,112,105,114,97,116,105,111,110,100,97,116,101,105,110,116,101,114,110,0.017110076046109823
1648,101,114,114,111,114,99,114,101,100,105,116,99,97,114,100,100,101,99,108,105,110,101,100,105,110,118,97,108,105,100,111,114,109,105,115,115,105,110,103,110,117,109,98,101,114,105,110,116,101,114,0.017049984925551678
1648,101,114,114,111,114,99,114,101,100,105,116,99,97,114,100,100,101,99,108,105,110,101,100,105,110,118,97,108,105,100,112,97,121,109,101,110,116,100,101,116,97,105,108,115,105,110,116,101,114,110,0.016984265912072062
1648,101,114,114,111,114,99,114,101,100,105,116,99,97,114,100,100,101,99,108,105,110,101,100,105,110,116,101,114,110,97,108,97,112,112,108,105,99,97,116,105,111,110,101,114,114,111,114,109,101,115,0.016934820395037627
1648,101,114,114,111,114,109,105,115,109,97,116,99,104,108,97,115,116,100,105,103,105,116,115,99,114,101,100,105,116,99,97,114,100,0,0,0,0,0,0,0,0,0,0,0,0,0,0,0,0,0,0.016923271873212156
1648,101,114,114,111,114,112,104,111,110,101,99,97,116,101,103,111,114,121,99,111,100,101,118,97,108,117,101,105,110,118,97,108,105,100,0,0,0,0,0,0,0,0,0,0,0,0,0,0,0,0,0.016911360698826747
1648,101,114,114,111,114,112,111,115,116,97,108,99,111,100,101,114,101,113,117,105,114,101,100,102,111,114,99,111,117,110,116,114,121,0,0,0,0,0,0,0,0,0,0,0,0,0,0,0,0,0,0.01689961286144256
1648,101,114,114,111,114,112,114,111,118,105,110,99,101,114,101,113,117,105,114,101,100,102,111,114,99,111,117,110,116,114,121,0,0,0,0,0,0,0,0,0,0,0,0,0,0,0,0,0,0,0,0.016888531935758455
1648,101,114,114,111,114,115,114,101,115,105,110,102,111,99,99,105,110,118,97,108,105,100,99,97,114,100,110,117,109,98,101,114,0,0,0,0,0,0,0,0,0,0,0,0,0,0,0,0,0,0,0.016877390808208673
1648,101,114,114,111,114,115,114,101,115,105,110,102,111,99,99,105,110,118,97,108,105,100,101,120,112,105,114,97,116,105,111,110,100,97,116,101,0,0,0,0,0,0,0,0,0,0,0,0,0,0,0.016864817421201057
1648,101,114,114,111,114,115,114,101,115,105,110,102,111,99,99,105,110,118,97,108,105,100,112,97,121,109,101,110,116,100,101,116,97,105,108,115,0,0,0,0,0,0,0,0,0,0,0,0,0,0,0.016852253036676538
1648,101,114,114,111,114,115,115,117,112,112,108,105,101,114,99,115,118,109,115,116,101,114,114,116,114,97,118,99,99,99,105,100,110,111,116,109,97,116,99,104,101,100,0,0,0,0,0,0,0,0,0.016837507386394515
1648,109,121,115,116,105,113,117,101,98,111,111,107,105,110,103,0,0,0,0,0,0,0,0,0,0,0,0,0,0,0,0,0,0,0,0,0,0,0,0,0,0,0,0,0,0,0,0,0,0,0,0.01683219965401199
3296,114,101,109,111,118,101,99,97,114,100,117,115,101,114,0,0,0,0,0,0,0,0,0,0,0,0,0,0,0,0,0,0,0,0,0,0,0,0,0,0,0,0,0,0,0,0,0,0,0,0,0.01867146850833013
3296,99,114,101,100,105,116,99,97,114,100,100,101,99,108,105,110,101,0,0,0,0,0,0,0,0,0,0,0,0,0,0,0,0,0,0,0,0,0,0,0,0,0,0,0,0,0,0,0,0,0,0.01866520622754877
3296,99,114,101,100,105,116,99,97,114,100,116,114,97,110,115,97,99,116,105,111,110,100,101,99,108,105,110,101,100,99,99,99,108,101,97,114,105,110,103,104,111,117,115,101,0,0,0,0,0,0,0.0186491955850868
3296,99,114,101,100,105,116,99,97,114,100,116,114,97,110,115,97,99,116,105,111,110,100,101,99,108,105,110,101,100,99,114,101,100,105,116,99,97,114,100,99,108,101,97,114,105,110,103,104,111,117,0.01863039043234522
3296,101,120,99,101,112,116,105,111,110,99,114,101,100,105,116,99,97,114,100,116,114,97,110,115,97,99,116,105,111,110,100,101,99,108,105,110,101,100,99,99,99,108,101,97,114,105,110,103,104,111,0.018603322580811692
3296,101,120,99,101,112,116,105,111,110,99,114,101,100,105,116,99,97,114,100,116,114,97,110,115,97,99,116,105,111,110,114,101,102,101,114,114,97,108,99,97,108,108,99,99,99,108,101,97,114,105,0.018574778857271906
3296,104,111,108,100,99,97,114,100,0,0,0,0,0,0,0,0,0,0,0,0,0,0,0,0,0,0,0,0,0,0,0,0,0,0,0,0,0,0,0,0,0,0,0,0,0,0,0,0,0,0,0.01857182557921145
3296,105,110,116,101,114,110,97,108,97,112,112,108,105,99,97,116,105,111,110,101,114,114,111,114,109,101,115,115,97,103,101,114,101,102,101,114,101,110,99,101,105,100,117,110,107,110,111,119,110,109,0.01852537613613799
3296,109,101,115,115,97,103,101,114,101,102,101,114,101,110,99,101,105,100,117,110,107,110,111,119,110,109,101,115,115,97,103,101,114,101,102,101,114,101,110,99,101,105,100,101,120,99,101,112,116,105,0.0184981118230389
3296,112,97,121,109,101,110,116,102,97,105,108,117,114,101,0,0,0,0,0,0,0,0,0,0,0,0,0,0,0,0,0,0,0,0,0,0,0,0,0,0,0,0,0,0,0,0,0,0,0,0,0.018492803420833828
3296,112,97,121,109,101,110,116,102,97,105,108,117,114,101,104,97,112,112,101,110,101,100,0,0,0,0,0,0,0,0,0,0,0,0,0,0,0,0,0,0,0,0,0,0,0,0,0,0,0,0,0.018484632676965373
3296,112,97,121,109,101,110,116,102,97,105,108,117,114,101,104,97,112,112,101,110,101,100,112,97,121,109,101,110,116,102,97,105,108,117,114,101,99,111,109,111,114,98,105,116,122,116,98,115,109,111,0.018444553955327774
3296,112,97,121,109,101,110,116,102,97,105,108,117,114,101,104,97,112,112,101,110,101,100,112,97,121,109,101,110,116,102,97,105,108,117,114,101,99,111,109,111,114,98,105,116,122,116,98,115,109,111,0.018403229862995567
3296,112,97,121,109,101,110,116,102,97,105,108,117,114,101,104,97,112,112,101,110,101,100,112,97,121,109,101,110,116,102,97,105,108,117,114,101,99,111,109,111,114,98,105,116,122,116,98,115,109,111,0.0183587563502525
3296,112,97,121,109,101,110,116,102,97,105,108,117,114,101,104,97,112,112,101,110,101,100,112,97,121,109,101,110,116,102,97,105,108,117,114,101,99,111,109,111,114,98,105,116,122,116,98,115,109,111,0.018313675118476102
3296,114,101,102,101,114,114,101,100,0,0,0,0,0,0,0,0,0,0,0,0,0,0,0,0,0,0,0,0,0,0,0,0,0,0,0,0,0,0,0,0,0,0,0,0,0,0,0,0,0,0,0.018310757108515055
3296,114,101,115,101,114,118,97,116,105,111,110,99,97,110,112,114,111,99,101,115,115,101,100,99,114,101,100,105,116,99,97,114,100,100,101,99,108,105,110,101,100,99,99,99,108,101,97,114,105,110,0.01829226586412681
3296,115,111,114,114,121,117,110,97,98,108,101,112,114,111,99,101,115,115,114,101,113,117,101,115,116,109,97,121,116,101,109,112,111,114,97,114,105,108,121,101,120,99,101,101,100,101,100,99,114,101,0.018240751059605168
3296,115,111,114,114,121,117,110,97,98,108,101,112,114,111,99,101,115,115,114,101,113,117,101,115,116,109,97,121,116,101,109,112,111,114,97,114,105,108,121,101,120,99,101,101,100,101,100,99,114,101,0.01821208325699822
3296,97,99,99,111,117,110,116,98,97,108,97,110,99,101,0,0,0,0,0,0,0,0,0,0,0,0,0,0,0,0,0,0,0,0,0,0,0,0,0,0,0,0,0,0,0,0,0,0,0,0,0.018207141560912177
3296,97,112,112,108,105,99,97,116,105,111,110,101,114,114,111,114,109,101,115,115,97,103,101,114,101,102,101,114,101,110,99,101,105,100,117,110,107,110,111,119,110,109,101,115,115,97,103,101,114,101,0.018185794312341293
3296,99,111,109,111,114,98,105,116,122,116,98,115,104,111,115,116,116,120,110,111,109,112,100,101,102,97,117,108,116,111,109,112,112,114,111,99,101,115,115,111,114,99,104,101,99,107,102,97,105,108,0.018091419519754577
3296,99,111,109,111,114,98,105,116,122,116,98,115,104,111,115,116,116,120,110,111,109,112,100,101,102,97,117,108,116,111,109,112,112,114,111,99,101,115,115,111,114,99,104,101,99,107,102,97,105,108,0.017975541635661188
3296,99,111,109,111,114,98,105,116,122,116,98,115,104,111,115,116,116,120,110,111,109,112,100,101,102,97,117,108,116,111,109,112,112,114,111,99,101,115,115,111,114,99,104,101,99,107,102,97,105,108,0.01784778503094836
3296,99,99,99,108,101,97,114,105,110,103,104,111,117,115,101,99,111,109,109,111,110,101,114,114,111,114,115,109,115,116,101,114,114,111,114,0,0,0,0,0,0,0,0,0,0,0,0,0,0,0,0.01783562328967246
3296,99,111,109,111,114,98,105,116,122,116,98,115,109,111,100,101,108,116,120,110,112,97,121,109,101,110,116,101,120,99,101,112,116,105,111,110,98,97,100,97,117,116,104,99,97,117,115,105,110,103,0.017805926666967606
3296,104,111,110,111,114,0,0,0,0,0,0,0,0,0,0,0,0,0,0,0,0,0,0,0,0,0,0,0,0,0,0,0,0,0,0,0,0,0,0,0,0,0,0,0,0,0,0,0,0,0,0.017804184581805875
3296,101,114,114,111,114,109,101,115,115,97,103,101,114,101,102,101,114,101,110,99,101,105,100,117,110,107,110,111,119,110,109,101,115,115,97,103,101,114,101,102,101,114,101,110,99,101,105,100,101,120,0.017775164855814447
3296,101,114,114,111,114,99,114,101,100,105,116,99,97,114,100,100,101,99,108,105,110,101,100,101,120,99,101,101,100,101,100,99,97,114,100,108,105,109,105,116,105,110,116,101,114,110,97,108,97,112,0.017718355604828893
3296,101,114,114,111,114,99,114,101,100,105,116,99,97,114,100,100,101,99,108,105,110,101,100,105,110,116,101,114,110,97,108,97,112,112,108,105,99,97,116,105,111,110,101,114,114,111,114,109,101,115,0.017665718893534695
3296,101,114,114,111,114,99,114,101,100,105,116,99,97,114,100,100,101,99,108,105,110,101,100,105,110,116,101,114,110,97,108,97,112,112,108,105,99,97,116,105,111,110,101,114,114,111,114,109,101,115,0.01762059896480799
3296,101,114,114,111,114,99,114,101,100,105,116,99,97,114,100,100,101,99,108,105,110,101,100,105,110,116,101,114,110,97,108,97,112,112,108,105,99,97,116,105,111,110,101,114,114,111,114,109,101,115,0.01757284631062592
3296,101,114,114,111,114,99,114,101,100,105,116,99,97,114,100,100,101,99,108,105,110,101,100,105,110,116,101,114,110,97,108,97,112,112,108,105,99,97,116,105,111,110,101,114,114,111,114,109,101,115,0.017521268658728863
3296,101,114,114,111,114,99,114,101,100,105,116,99,97,114,100,100,101,99,108,105,110,101,100,105,110,116,101,114,110,97,108,97,112,112,108,105,99,97,116,105,111,110,101,114,114,111,114,109,101,115,0.017469953438651566
3296,101,114,114,111,114,99,114,101,100,105,116,99,97,114,100,100,101,99,108,105,110,101,100,105,110,116,101,114,110,97,108,97,112,112,108,105,99,97,116,105,111,110,101,114,114,111,114,109,101,115,0.017423694788090485
3296,101,120,112,105,114,101,100,99,97,114,100,0,0,0,0,0,0,0,0,0,0,0,0,0,0,0,0,0,0,0,0,0,0,0,0,0,0,0,0,0,0,0,0,0,0,0,0,0,0,0,0.01742009637584363
3296,104,111,108,100,99,97,114,100,0,0,0,0,0,0,0,0,0,0,0,0,0,0,0,0,0,0,0,0,0,0,0,0,0,0,0,0,0,0,0,0,0,0,0,0,0,0,0,0,0,0,0.017417526520230212
3296,104,111,108,100,99,97,114,100,0,0,0,0,0,0,0,0,0,0,0,0,0,0,0,0,0,0,0,0,0,0,0,0,0,0,0,0,0,0,0,0,0,0,0,0,0,0,0,0,0,0,0.017414934202203955
3296,109,121,115,116,105,113,117,101,98,111,111,107,105,110,103,0,0,0,0,0,0,0,0,0,0,0,0,0,0,0,0,0,0,0,0,0,0,0,0,0,0,0,0,0,0,0,0,0,0,0,0.017409826513811056
3296,114,101,102,117,115,101,100,0,0,0,0,0,0,0,0,0,0,0,0,0,0,0,0,0,0,0,0,0,0,0,0,0,0,0,0,0,0,0,0,0,0,0,0,0,0,0,0,0,0,0,0.017407494522466992
6592,112,97,121,109,101,110,116,102,97,105,108,117,114,101,104,97,112,112,101,110,101,100,117,110,115,117,99,99,101,115,115,102,117,108,112,97,121,109,101,110,116,0,0,0,0,0,0,0,0,0,0.019024404389699313
6592,112,97,121,109,101,110,116,102,97,105,108,117,114,101,104,97,112,112,101,110,101,100,99,111,109,111,114,98,105,116,122,116,98,115,109,111,100,101,108,115,121,115,116,101,109,101,120,99,101,112,0.018870227451349607
6592,112,97,121,109,101,110,116,102,97,105,108,117,114,101,104,97,112,112,101,110,101,100,99,111,109,111,114,98,105,116,122,116,98,115,109,111,100,101,108,116,120,110,112,97,121,109,101,110,116,101,0.01874071506927605
6592,115,111,114,114,121,115,121,115,116,101,109,99,97,110,97,117,116,104,101,110,116,105,99,97,116,101,105,110,102,111,114,109,97,116,105,111,110,112,114,111,118,105,100,101,100,105,110,102,111,114,0.01870324214449442
6592,101,114,114,111,114,102,114,97,117,100,0,0,0,0,0,0,0,0,0,0,0,0,0,0,0,0,0,0,0,0,0,0,0,0,0,0,0,0,0,0,0,0,0,0,0,0,0,0,0,0,0.018699687976443353
6592,101,114,114,111,114,102,114,97,117,100,97,101,103,105,115,0,0,0,0,0,0,0,0,0,0,0,0,0,0,0,0,0,0,0,0,0,0,0,0,0,0,0,0,0,0,0,0,0,0,0,0.01869442805813268
6592,101,114,114,111,114,102,114,97,117,100,97,101,103,105,115,99,111,110,110,101,99,116,105,111,110,102,97,105,108,117,114,101,0,0,0,0,0,0,0,0,0,0,0,0,0,0,0,0,0,0,0.018683226600049077
6592,101,114,114,111,114,102,114,97,117,100,97,101,103,105,115,116,105,109,101,111,117,116,0,0,0,0,0,0,0,0,0,0,0,0,0,0,0,0,0,0,0,0,0,0,0,0,0,0,0,0,0.01867544162654639
6592,101,114,114,111,114,102,114,97,117,100,100,98,0,0,0,0,0,0,0,0,0,0,0,0,0,0,0,0,0,0,0,0,0,0,0,0,0,0,0,0,0,0,0,0,0,0,0,0,0,0,0.018671250895972654
6592,101,114,114,111,114,102,114,97,117,100,105,110,118,97,108,105,100,114,101,113,117,101,115,116,0,0,0,0,0,0,0,0,0,0,0,0,0,0,0,0,0,0,0,0,0,0,0,0,0,0,0.018662744466133363
6592,101,114,114,111,114,102,114,97,117,100,108,111,100,103,105,110,103,0,0,0,0,0,0,0,0,0,0,0,0,0,0,0,0,0,0,0,0,0,0,0,0,0,0,0,0,0,0,0,0,0,0.018656790659822408
6592,101,114,114,111,114,102,114,97,117,100,108,111,100,103,105,110,103,99,111,110,110,101,99,116,105,111,110,102,97,105,108,117,114,101,0,0,0,0,0,0,0,0,0,0,0,0,0,0,0,0,0.018644920507878422
6592,101,114,114,111,114,102,114,97,117,100,108,111,100,103,105,110,103,116,105,109,101,111,117,116,0,0,0,0,0,0,0,0,0,0,0,0,0,0,0,0,0,0,0,0,0,0,0,0,0,0,0.018636454327351455
6592,101,114,114,111,114,102,114,97,117,100,112,97,121,109,101,110,116,0,0,0,0,0,0,0,0,0,0,0,0,0,0,0,0,0,0,0,0,0,0,0,0,0,0,0,0,0,0,0,0,0,0.018630432679158208
6592,101,114,114,111,114,102,114,97,117,100,112,97,121,109,101,110,116,99,111,110,110,101,99,116,105,111,110,102,97,105,108,117,114,101,0,0,0,0,0,0,0,0,0,0,0,0,0,0,0,0,0.018618511539385273
6592,101,114,114,111,114,102,114,97,117,100,112,97,121,109,101,110,116,116,105,109,101,111,117,116,0,0,0,0,0,0,0,0,0,0,0,0,0,0,0,0,0,0,0,0,0,0,0,0,0,0,0.018609984903712976
6592,101,114,114,111,114,102,114,97,117,100,112,97,121,109,101,110,116,118,97,117,108,116,0,0,0,0,0,0,0,0,0,0,0,0,0,0,0,0,0,0,0,0,0,0,0,0,0,0,0,0,0.018602176489842928
6592,101,114,114,111,114,102,114,97,117,100,112,97,121,109,101,110,116,118,97,117,108,116,99,111,110,110,101,99,116,105,111,110,102,97,105,108,117,114,101,0,0,0,0,0,0,0,0,0,0,0,0.01858849026949721
6592,101,114,114,111,114,102,114,97,117,100,112,97,121,109,101,110,116,118,97,117,108,116,116,105,109,101,111,117,116,0,0,0,0,0,0,0,0,0,0,0,0,0,0,0,0,0,0,0,0,0,0.018578191895684923
6592,101,114,114,111,114,102,114,97,117,100,117,115,101,114,0,0,0,0,0,0,0,0,0,0,0,0,0,0,0,0,0,0,0,0,0,0,0,0,0,0,0,0,0,0,0,0,0,0,0,0,0.018573239404493617
6592,101,114,114,111,114,102,114,97,117,100,117,115,101,114,99,111,110,110,101,99,116,105,111,110,102,97,105,108,117,114,101,0,0,0,0,0,0,0,0,0,0,0,0,0,0,0,0,0,0,0,0.01856242169228199
6592,101,114,114,111,114,102,114,97,117,100,117,115,101,114,116,105,109,101,111,117,116,0,0,0,0,0,0,0,0,0,0,0,0,0,0,0,0,0,0,0,0,0,0,0,0,0,0,0,0,0,0.01855497588567902
6592,101,114,114,111,114,112,97,121,109,101,110,116,0,0,0,0,0,0,0,0,0,0,0,0,0,0,0,0,0,0,0,0,0,0,0,0,0,0,0,0,0,0,0,0,0,0,0,0,0,0,0.018550716446389736
6592,101,114,114,111,114,112,97,121,109,101,110,116,99,111,110,110,101,99,116,105,111,110,102,97,105,108,117,114,101,0,0,0,0,0,0,0,0,0,0,0,0,0,0,0,0,0,0,0,0,0,0.018540604888792944
6592,101,114,114,111,114,112,97,121,109,101,110,116,112,112,115,116,105,109,101,111,117,116,0,0,0,0,0,0,0,0,0,0,0,0,0,0,0,0,0,0,0,0,0,0,0,0,0,0,0,0,0.018532764418783564
6592,101,114,114,111,114,112,97,121,109,101,110,116,105,110,118,97,108,105,100,120,109,108,0,0,0,0,0,0,0,0,0,0,0,0,0,0,0,0,0,0,0,0,0,0,0,0,0,0,0,0,0.018525039960709644
6592,101,114,114,111,114,112,97,121,109,101,110,116,118,97,117,108,116,0,0,0,0,0,0,0,0,0,0,0,0,0,0,0,0,0,0,0,0,0,0,0,0,0,0,0,0,0,0,0,0,0,0.018519006491630602
6592,101,114,114,111,114,112,97,121,109,101,110,116,118,97,117,108,116,97,99,99,101,115,115,117,110,107,110,111,119,110,101,114,114,0,0,0,0,0,0,0,0,0,0,0,0,0,0,0,0,0,0.018507391240303234
6592,101,114,114,111,114,112,114,111,99,101,115,115,102,97,105,108,0,0,0,0,0,0,0,0,0,0,0,0,0,0,0,0,0,0,0,0,0,0,0,0,0,0,0,0,0,0,0,0,0,0,0.018501828153564902
6592,109,121,115,116,105,113,117,101,98,111,111,107,105,110,103,0,0,0,0,0,0,0,0,0,0,0,0,0,0,0,0,0,0,0,0,0,0,0,0,0,0,0,0,0,0,0,0,0,0,0,0.018496560269754478
